day_of_week,shift,peak_period,staff_count,order_volume,avg_items_per_order,avg_pick_distance_m,automation_utilization_pct,absenteeism_pct,equipment_downtime_min,new_hire_share_pct,throughput_units_per_hour
Saturday,Night,0,45,655,2.31,20.6,66.8,4.5,1.2,18.1,109.8
Thursday,Evening,0,51,531,3.52,25.2,81.5,8.5,15.9,20.4,103.1
Saturday,Day,0,23,439,3.09,25.8,82.4,2.5,20.6,5.4,88.3
Friday,Evening,0,27,347,2.18,21.9,78.7,8.1,13.8,12.5,83.5
Monday,Day,0,19,509,2.51,15.4,70.2,4.4,12.5,20.5,81.5
Sunday,Evening,0,36,450,2.5,17.2,76.5,0.9,10.8,5.0,113.1
Saturday,Evening,0,36,354,2.89,28.9,68.5,7.0,4.3,7.3,96.4
Saturday,Day,1,19,731,2.69,29.5,88.1,9.4,3.1,16.6,90.1
Monday,Day,0,43,429,2.17,20.8,83.7,4.0,9.1,10.9,120.8
Thursday,Evening,1,18,685,2.03,23.6,79.8,9.9,4.8,1.0,104.6
Wednesday,Day,0,48,512,3.1,29.2,72.3,0.2,9.6,9.8,119.3
Sunday,Night,0,44,372,2.96,11.8,99.0,1.6,2.3,24.2,101.0
Friday,Evening,0,48,540,2.86,19.3,65.0,4.8,4.3,26.4,108.3
Saturday,Evening,0,22,443,2.95,34.1,62.6,4.1,3.3,7.5,80.8
Thursday,Day,0,51,434,2.46,23.8,77.2,3.2,6.5,5.6,117.1
Tuesday,Evening,0,38,394,2.9,15.2,75.4,5.6,17.4,8.8,99.8
Thursday,Night,0,50,537,4.2,22.7,89.0,3.6,4.0,24.6,117.0
Monday,Day,1,44,608,3.45,28.1,86.5,4.1,4.9,17.9,124.9
Saturday,Day,0,42,640,2.64,8.0,78.3,6.0,24.4,22.2,115.5
Friday,Day,1,19,849,2.51,23.1,85.0,3.2,5.9,19.0,104.0
Saturday,Day,1,44,620,1.3,19.8,84.8,4.9,19.6,2.8,133.8
Wednesday,Evening,1,35,353,3.39,12.1,99.0,3.3,38.1,5.4,80.5
Sunday,Evening,0,50,554,3.23,22.5,80.5,1.6,0.3,7.1,127.3
Sunday,Evening,1,43,603,2.5,21.2,73.2,7.5,8.9,8.3,120.2
Saturday,Day,1,20,608,2.01,21.9,82.0,10.3,11.2,7.3,110.6
Tuesday,Day,1,51,589,2.16,19.9,53.8,8.4,2.2,8.1,133.2
Thursday,Day,0,20,436,3.04,15.9,77.7,6.2,13.8,16.5,89.9
Monday,Night,0,29,533,2.75,13.3,88.9,3.3,15.7,13.0,83.0
Tuesday,Evening,1,26,640,3.18,17.9,86.0,4.3,5.5,20.5,101.1
Friday,Day,0,55,622,2.85,27.2,81.0,8.4,11.2,13.8,142.8
Saturday,Evening,0,23,537,3.33,23.4,84.5,0.0,1.5,7.3,94.3
Sunday,Day,0,50,446,3.0,21.6,89.0,4.1,3.2,13.3,122.6
Wednesday,Day,0,26,433,3.26,15.8,92.3,7.4,9.2,1.4,94.7
Wednesday,Day,0,42,523,1.65,19.8,82.5,1.8,20.5,0.0,134.4
Thursday,Night,1,21,688,2.12,26.4,76.8,6.5,5.3,16.5,85.2
Tuesday,Evening,1,32,720,2.6,25.0,56.9,6.3,8.6,19.1,100.5
Monday,Evening,1,41,590,3.39,19.1,89.8,0.8,9.1,12.5,124.4
Thursday,Day,0,45,492,3.83,8.0,83.2,5.5,5.1,9.3,106.7
Tuesday,Day,0,51,520,2.71,18.0,79.5,3.3,5.4,2.6,132.0
Friday,Evening,0,49,444,2.46,19.1,71.1,6.4,12.3,20.2,101.6
Thursday,Day,0,37,367,1.72,16.6,87.7,7.2,3.9,15.4,114.1
Saturday,Night,0,29,388,3.27,19.5,75.4,6.4,3.8,14.0,96.1
Friday,Evening,0,27,457,2.5,26.9,77.7,5.4,11.1,12.0,81.7
Wednesday,Day,1,55,713,4.43,21.8,79.4,6.1,7.8,8.7,131.7
Saturday,Evening,0,41,610,2.39,27.9,82.5,1.7,9.0,4.2,139.4
Saturday,Night,0,52,336,3.96,12.9,66.5,5.1,7.0,13.8,97.1
Wednesday,Evening,0,34,393,3.21,20.2,83.6,2.8,4.5,8.2,88.5
Wednesday,Evening,0,36,416,2.23,10.4,70.8,8.3,10.7,9.0,106.8
Friday,Night,0,49,530,2.93,19.4,71.1,7.2,3.3,24.0,106.9
Monday,Day,0,45,405,3.22,15.7,86.9,7.2,26.4,11.7,103.6
Tuesday,Night,0,25,379,2.68,29.7,68.0,10.3,24.7,0.0,74.9
Monday,Day,0,37,321,3.26,24.5,86.8,4.2,30.6,8.3,74.3
Saturday,Evening,1,26,716,3.25,28.1,81.0,3.6,8.2,5.0,103.1
Friday,Evening,0,46,465,3.13,19.4,61.5,4.1,5.0,11.0,97.0
Friday,Evening,0,19,418,2.79,15.9,91.6,0.4,18.7,2.0,86.8
Saturday,Evening,0,49,465,2.15,15.7,81.1,0.6,7.1,15.0,121.9
Thursday,Evening,0,53,562,2.76,23.6,81.9,7.1,12.9,9.9,111.3
Friday,Day,0,18,405,2.9,32.9,88.1,1.0,12.9,8.7,85.1
Monday,Day,0,41,375,1.77,24.5,93.0,2.0,3.4,13.0,118.1
Monday,Day,1,21,754,2.89,19.8,82.0,4.9,10.5,11.5,92.2
Friday,Evening,0,31,487,2.75,20.9,84.2,4.0,12.5,11.1,86.3
Thursday,Day,0,30,539,2.09,21.8,81.7,7.9,6.5,10.4,105.4
Friday,Day,0,37,538,2.62,34.2,74.6,5.4,1.7,11.9,93.9
Saturday,Night,0,52,462,2.63,29.4,62.2,2.8,19.0,14.4,102.2
Friday,Day,0,35,467,3.86,23.6,80.1,8.1,26.0,13.5,94.0
Thursday,Day,1,33,734,2.92,22.7,93.8,7.4,7.5,19.9,120.7
Thursday,Day,0,21,585,3.37,23.8,83.8,1.0,5.4,8.2,93.4
Wednesday,Day,0,51,573,2.74,25.0,67.3,6.0,1.4,13.7,126.4
Monday,Evening,0,29,322,1.77,19.5,89.0,3.1,7.9,29.1,79.0
Thursday,Day,0,35,599,3.17,16.9,74.9,3.0,4.7,11.7,113.9
Tuesday,Day,1,21,611,2.44,28.2,59.1,10.8,1.4,12.0,87.0
Wednesday,Night,0,28,353,2.62,22.1,88.2,5.6,13.8,3.2,73.4
Saturday,Night,0,39,449,2.22,27.7,68.5,4.5,10.9,7.0,100.0
Tuesday,Evening,0,52,524,2.84,31.9,95.8,5.5,4.2,11.3,109.9
Monday,Night,0,30,461,3.39,25.1,89.5,7.8,22.6,15.7,65.5
Wednesday,Night,0,39,401,3.31,24.2,75.7,3.1,6.7,16.5,82.5
Wednesday,Day,0,51,550,3.67,41.2,82.6,3.6,7.6,14.3,112.4
Friday,Evening,0,31,493,3.75,23.2,99.0,7.2,5.9,17.6,105.3
Thursday,Evening,0,29,401,1.67,15.5,88.0,0.7,15.2,5.0,104.9
Saturday,Day,1,19,623,2.14,20.3,82.4,8.2,10.6,15.4,100.4
Friday,Day,0,52,539,1.81,31.3,99.0,0.4,0.8,12.1,142.7
Wednesday,Day,0,22,462,3.15,14.2,79.2,4.5,7.1,12.9,90.1
Saturday,Evening,0,26,359,2.42,17.5,83.8,0.4,12.8,9.5,101.7
Tuesday,Evening,0,23,525,2.53,28.6,68.6,2.0,1.4,5.3,76.5
Monday,Evening,0,44,389,2.68,20.4,61.3,9.1,12.7,3.5,100.1
Monday,Day,0,31,606,3.01,21.3,75.1,8.3,10.8,14.2,94.6
Saturday,Day,0,44,377,1.98,28.4,78.4,8.7,2.8,15.5,114.3
Thursday,Evening,0,41,438,2.11,17.7,81.3,0.9,5.8,11.1,117.4
Tuesday,Evening,0,18,379,2.8,13.2,63.8,2.0,2.0,11.9,83.0
Thursday,Night,0,29,337,3.46,13.7,84.6,6.2,4.2,7.0,96.3
Tuesday,Night,0,18,374,2.79,25.5,69.7,7.3,5.7,15.5,55.0
Friday,Night,0,20,623,2.36,23.6,84.1,2.8,11.6,12.4,94.1
Thursday,Night,0,35,444,1.62,17.8,87.3,3.5,13.3,9.4,99.4
Wednesday,Night,0,28,350,3.32,15.0,74.0,1.8,8.5,18.1,74.3
Wednesday,Evening,1,21,456,2.4,20.4,70.4,10.2,5.5,16.5,95.6
Friday,Day,0,33,336,2.17,28.7,93.4,3.8,12.4,1.2,105.2
Wednesday,Day,0,35,419,1.86,17.0,86.7,5.3,7.7,12.3,105.6
Monday,Day,0,55,395,2.01,18.0,79.5,5.5,9.2,5.3,134.8
Monday,Day,0,43,434,2.27,14.9,92.7,8.5,13.8,13.0,113.2
Sunday,Day,0,32,259,2.67,19.8,78.8,2.3,11.8,0.0,92.4
Sunday,Night,0,35,421,2.14,24.0,71.8,8.7,9.2,13.4,83.4
Friday,Day,0,21,598,2.9,34.7,68.0,1.4,10.6,17.0,86.1
Tuesday,Night,1,32,754,2.66,23.3,78.9,8.7,4.1,11.2,98.7
Sunday,Evening,1,40,455,4.02,21.7,87.7,0.1,3.6,3.8,119.4
Saturday,Evening,0,18,414,1.86,27.2,91.9,4.9,25.8,25.7,76.3
Saturday,Evening,1,52,589,2.89,26.2,80.2,10.1,3.5,20.1,126.7
Thursday,Day,1,37,669,2.9,18.5,92.1,7.3,13.9,8.3,135.9
Tuesday,Evening,0,47,329,2.23,35.8,75.9,6.5,5.4,10.2,100.2
Monday,Day,0,28,615,2.85,21.9,70.2,2.1,11.5,0.0,113.3
Sunday,Night,0,49,434,3.22,23.4,64.9,3.0,0.7,15.3,114.9
Thursday,Day,0,31,463,2.85,25.3,72.9,9.2,1.8,2.4,108.5
Tuesday,Day,0,53,616,3.56,24.1,65.3,6.6,14.5,16.7,130.5
Wednesday,Evening,0,37,448,1.6,31.2,98.1,7.9,1.2,19.2,93.6
Friday,Evening,1,42,698,2.34,18.5,84.4,5.4,4.2,11.5,129.8
Tuesday,Evening,0,25,374,3.61,26.7,77.0,4.4,19.3,4.5,70.1
Saturday,Evening,0,55,360,3.3,23.0,95.2,7.5,13.3,20.7,114.3
Saturday,Day,0,25,452,3.1,27.9,65.0,6.0,5.2,12.0,82.3
Saturday,Evening,0,19,698,3.48,20.7,76.6,4.7,3.5,12.7,88.1
Thursday,Day,1,34,715,1.75,19.9,99.0,1.0,21.4,5.5,117.6
Friday,Day,0,49,526,3.24,26.4,76.6,8.1,3.8,13.4,117.9
Friday,Day,0,53,407,3.39,24.1,99.0,6.5,8.9,10.6,130.0
Friday,Day,0,50,587,2.44,17.1,85.9,3.4,18.1,2.7,126.9
Monday,Day,0,39,326,4.25,30.1,91.1,8.7,10.1,21.4,85.2
Wednesday,Evening,0,52,301,2.91,26.4,91.3,5.9,18.2,24.3,94.5
Monday,Day,0,36,402,1.59,21.6,78.0,6.0,5.0,19.1,96.4
Thursday,Day,0,36,661,3.01,19.2,73.1,7.9,2.6,18.1,109.4
Wednesday,Evening,0,24,630,2.4,24.2,76.8,7.2,11.9,24.4,88.5
Tuesday,Day,0,47,422,3.44,26.0,68.1,6.1,16.7,4.7,111.0
Monday,Evening,0,30,371,3.1,12.4,77.3,4.6,10.6,4.6,80.8
Friday,Night,0,25,299,2.47,24.3,78.0,11.2,3.0,9.1,70.4
Tuesday,Day,0,32,472,3.63,25.9,94.9,3.0,33.7,14.1,94.6
Sunday,Night,0,40,445,3.32,8.0,83.9,7.4,2.0,10.0,99.4
Friday,Day,0,28,575,2.34,23.2,99.0,4.9,8.2,4.9,121.1
Wednesday,Day,0,31,557,2.72,26.2,56.4,6.6,18.1,12.0,82.2
Friday,Evening,0,30,461,3.08,25.5,65.8,8.9,7.6,11.3,86.5
Monday,Evening,0,40,488,2.6,26.8,74.4,4.3,12.0,17.9,96.4
Sunday,Night,1,45,543,2.62,20.0,94.9,7.0,1.1,12.3,129.4
Thursday,Day,0,43,526,2.82,15.8,76.9,6.0,11.6,0.0,129.5
Saturday,Evening,0,23,442,2.21,11.2,63.3,3.3,2.9,14.7,89.4
Monday,Day,0,31,499,1.57,28.6,75.5,9.0,8.3,23.1,101.3
Thursday,Day,0,42,511,2.93,26.2,66.0,7.3,1.9,12.2,109.7
Thursday,Day,0,26,482,1.71,29.0,64.1,3.9,12.5,18.9,79.1
Sunday,Night,0,20,505,2.25,17.6,98.0,8.5,10.5,8.5,87.2
Friday,Day,0,30,351,1.83,26.8,74.5,2.7,8.2,16.0,89.8
Thursday,Night,0,43,329,1.89,13.0,79.7,5.1,14.8,6.8,88.7
Tuesday,Evening,0,43,419,3.03,16.8,77.1,3.9,11.3,10.3,107.6
Wednesday,Evening,0,22,313,2.68,22.8,75.5,7.5,1.9,10.3,80.3
Thursday,Evening,0,43,416,2.66,26.0,69.6,3.8,14.5,15.3,101.5
Thursday,Night,1,25,574,2.08,32.1,76.9,7.5,11.5,6.2,97.7
Monday,Day,0,46,579,2.44,20.6,81.4,7.0,3.5,1.7,135.8
Saturday,Day,0,39,524,3.01,16.8,92.2,4.1,7.3,15.3,115.5
Sunday,Evening,0,22,553,2.77,16.5,87.5,10.7,4.8,15.0,89.4
Tuesday,Day,0,31,494,3.25,17.9,65.8,3.0,28.1,12.8,89.8
Thursday,Day,0,49,424,3.33,35.3,87.9,1.0,2.5,18.5,119.9
Monday,Day,0,34,468,2.66,26.5,82.8,7.8,5.0,10.6,101.5
Friday,Day,0,44,569,1.78,28.7,71.8,0.0,6.9,14.0,115.0
Wednesday,Day,0,46,583,2.38,20.6,79.8,9.7,8.0,9.6,117.1
Friday,Day,0,19,487,2.75,22.0,83.7,5.5,5.2,10.2,93.7
Saturday,Night,0,53,308,2.37,26.2,78.5,0.9,7.8,14.4,95.6
Saturday,Day,1,30,527,2.22,19.0,84.8,2.4,10.7,27.9,91.8
Monday,Night,0,48,379,2.84,20.3,69.4,0.3,3.8,17.2,110.0
Sunday,Night,0,35,208,4.14,18.0,97.9,6.3,5.2,15.8,80.5
Tuesday,Day,0,39,636,2.53,19.3,58.7,1.2,24.0,17.4,106.3
Monday,Evening,0,31,492,2.8,22.3,83.8,6.7,14.8,0.0,106.0
Thursday,Evening,1,50,575,2.08,17.1,83.7,4.3,14.5,14.2,120.4
Wednesday,Evening,0,22,345,3.48,23.7,84.4,3.8,1.8,18.4,65.1
Saturday,Day,0,52,608,3.28,23.7,70.9,6.7,26.7,12.6,112.0
Saturday,Day,0,25,404,3.24,20.9,89.7,7.1,6.7,11.7,87.5
Wednesday,Day,0,51,373,3.55,17.0,76.9,8.6,15.7,5.4,108.1
Sunday,Evening,0,18,382,2.56,22.6,66.1,3.3,8.4,9.0,78.4
Wednesday,Night,1,18,616,2.63,19.0,69.1,5.1,1.1,6.2,92.4
Thursday,Evening,0,21,514,3.74,22.3,79.2,3.3,5.4,19.0,81.7
Tuesday,Evening,0,38,558,3.15,28.6,62.0,5.7,14.9,22.5,95.5
Sunday,Night,0,28,529,1.58,14.5,96.0,2.9,15.2,25.5,103.9
Tuesday,Evening,0,40,445,3.05,35.0,88.5,3.9,8.6,6.1,100.3
Monday,Day,1,49,732,2.48,21.6,98.3,3.9,2.4,7.3,152.7
Thursday,Night,0,19,366,3.29,24.5,95.2,6.1,16.1,6.8,56.0
Sunday,Day,0,38,302,3.02,17.5,74.5,5.2,3.8,4.9,111.9
Sunday,Day,0,46,411,1.84,28.9,69.3,6.7,8.3,5.0,113.2
Saturday,Evening,0,34,413,2.95,21.2,51.2,4.9,11.2,8.4,76.0
Sunday,Night,0,53,370,2.92,19.6,73.9,3.5,12.0,18.1,103.5
Sunday,Day,0,43,384,3.0,18.5,95.7,5.8,10.9,7.0,124.2
Thursday,Evening,0,19,411,3.12,20.4,69.7,2.4,3.3,19.4,69.2
Wednesday,Day,0,38,529,3.62,24.5,75.9,6.9,5.0,21.6,104.5
Saturday,Day,0,32,673,3.03,23.0,72.5,4.3,3.2,14.0,118.0
Friday,Day,0,22,336,2.81,21.8,81.7,5.8,12.7,20.6,75.6
Wednesday,Evening,0,54,328,3.43,17.7,90.9,5.9,11.4,2.5,109.2
Monday,Night,0,26,335,4.03,17.4,62.6,10.0,3.7,8.1,65.0
Saturday,Day,0,21,583,3.3,19.2,64.5,6.3,14.2,13.3,73.7
Tuesday,Day,0,26,446,2.91,24.8,92.9,5.4,14.1,13.6,86.6
Sunday,Day,1,49,586,3.04,26.0,87.3,3.1,17.7,22.0,117.7
Tuesday,Day,0,40,533,2.94,26.8,75.4,7.6,11.1,5.0,105.7
Monday,Evening,0,49,526,2.81,22.0,95.1,4.4,11.7,8.2,113.0
Saturday,Evening,0,35,488,3.99,24.3,64.3,0.6,5.3,11.4,96.8
Tuesday,Evening,0,22,367,2.39,21.0,87.3,4.6,6.5,8.4,93.4
Tuesday,Day,0,32,491,3.44,11.5,77.3,5.8,16.5,4.7,107.0
Friday,Evening,0,25,458,2.73,20.7,84.1,2.7,4.4,8.7,84.3
Sunday,Day,0,39,452,1.99,19.7,54.1,4.8,3.4,10.3,102.7
Tuesday,Day,0,28,416,2.7,15.8,75.4,5.0,11.8,22.1,94.5
Wednesday,Night,1,54,693,2.5,18.6,87.4,5.0,0.9,4.9,146.8
Saturday,Evening,0,32,514,3.12,22.8,77.4,8.9,4.1,17.7,90.4
Sunday,Night,0,29,528,2.85,15.2,90.6,1.3,18.2,20.9,89.8
Thursday,Night,0,55,557,2.24,17.7,90.2,11.3,20.8,8.4,117.4
Tuesday,Evening,0,37,489,3.61,31.3,68.4,5.1,15.3,13.8,71.2
Monday,Night,0,24,362,3.4,12.4,86.2,6.9,8.0,16.0,79.7
Tuesday,Day,0,36,564,3.67,20.9,68.1,5.6,3.4,14.9,111.6
Monday,Day,0,27,499,2.93,15.0,78.5,0.0,1.9,12.6,102.4
Friday,Day,0,45,747,2.78,17.5,84.6,2.0,5.6,7.2,123.1
Monday,Day,0,39,484,3.19,20.8,69.6,3.6,1.9,16.6,117.8
Thursday,Day,1,45,721,2.48,16.1,87.9,8.2,26.0,9.4,124.5
Friday,Day,0,53,528,2.87,25.4,72.9,1.0,5.4,12.2,133.0
Friday,Evening,0,45,471,2.7,30.1,72.2,2.6,6.0,13.2,96.8
Tuesday,Evening,0,30,420,2.0,27.1,85.1,5.7,13.5,18.0,77.1
Saturday,Evening,0,25,518,2.87,28.1,69.6,6.6,1.6,25.5,87.3
Saturday,Day,0,38,560,2.56,13.7,69.1,6.5,6.1,6.8,124.1
Saturday,Evening,0,35,600,2.67,20.5,88.4,2.2,7.5,12.4,106.8
Monday,Day,0,29,484,3.0,24.8,79.1,0.4,2.0,1.6,104.8
Monday,Day,0,48,411,3.5,27.2,63.5,6.8,3.2,22.4,90.1
Sunday,Day,0,52,444,2.33,32.5,86.6,9.5,4.4,12.3,117.3
Wednesday,Day,0,32,344,2.61,28.4,73.9,4.2,15.7,9.9,83.2
Wednesday,Day,0,43,628,2.38,27.4,64.0,1.8,20.4,12.4,113.1
Thursday,Night,0,55,379,2.34,37.8,52.9,3.9,10.7,12.7,79.4
Friday,Evening,0,18,572,2.47,22.6,87.0,6.4,7.0,6.9,98.9
Sunday,Evening,0,31,481,2.69,20.3,69.4,4.5,18.2,20.3,84.7
Wednesday,Day,0,46,499,3.12,23.1,65.6,9.4,14.2,16.5,111.0
Sunday,Night,0,36,419,2.98,16.5,84.4,8.0,31.5,17.5,84.4
Monday,Evening,0,48,360,2.22,22.4,86.1,5.8,1.3,7.2,123.0
Thursday,Day,0,36,383,3.51,11.6,70.1,0.0,7.7,6.9,118.5
Friday,Evening,0,20,644,3.32,18.8,87.1,3.1,4.7,11.2,90.6
Monday,Evening,0,34,446,2.3,21.3,98.5,3.6,1.5,17.6,109.7
Tuesday,Day,1,33,752,3.47,27.7,93.5,3.0,7.8,15.5,108.8
Wednesday,Day,0,50,602,2.98,28.7,89.9,5.8,29.3,6.6,115.0
Sunday,Evening,0,23,416,2.71,16.2,81.1,5.8,2.7,16.7,94.3
Friday,Day,0,23,540,3.0,34.5,73.6,0.2,39.5,5.2,79.9
Sunday,Day,0,23,479,2.79,22.9,77.4,7.6,14.5,7.4,83.9
Saturday,Day,0,39,400,3.1,23.4,82.4,5.2,18.7,13.1,89.9
Thursday,Night,0,55,412,2.9,12.3,65.4,6.3,18.6,3.8,106.5
Saturday,Day,0,41,566,2.61,18.3,70.3,7.4,10.7,5.3,108.9
Monday,Day,1,49,588,1.69,28.3,65.7,2.9,5.3,22.9,122.6
Monday,Day,0,50,424,3.09,23.0,80.4,9.0,1.9,21.6,119.1
Saturday,Night,0,40,449,2.59,22.6,78.8,4.8,2.7,28.0,103.3
Saturday,Evening,0,41,691,3.23,23.4,71.5,9.7,11.8,15.2,111.4
Tuesday,Night,0,27,246,3.06,13.3,86.2,2.5,5.5,16.5,76.4
Thursday,Day,0,54,523,2.61,21.4,67.6,9.5,3.0,10.9,131.4
Friday,Day,0,47,476,3.36,30.4,71.1,2.5,9.4,9.5,110.3
Sunday,Evening,0,51,394,2.91,28.5,85.8,12.8,10.2,18.1,102.5
Friday,Day,1,55,654,2.89,21.2,89.3,2.3,13.5,21.5,131.9
Wednesday,Night,1,31,668,2.72,31.4,72.0,8.4,3.7,17.5,78.9
Wednesday,Night,0,23,494,3.73,14.4,80.3,4.1,7.0,6.1,71.8
Thursday,Evening,0,50,473,2.41,16.2,70.2,7.3,3.8,14.7,117.4
Friday,Night,1,35,739,2.62,33.2,78.0,5.1,2.3,6.6,101.2
Sunday,Evening,0,54,576,2.12,25.5,79.4,1.9,16.5,9.7,115.7
Thursday,Day,0,44,553,3.2,20.3,83.6,0.0,15.7,23.5,111.6
Tuesday,Evening,0,27,393,2.48,21.7,81.2,12.7,1.3,3.6,88.9
Tuesday,Day,1,31,692,2.54,17.2,82.7,5.4,8.1,27.2,115.3
Saturday,Night,1,41,692,2.52,23.7,69.2,0.0,18.3,15.8,110.4
Saturday,Day,0,32,433,2.83,23.2,81.9,6.1,13.9,8.7,96.8
Monday,Day,0,28,306,2.11,22.1,83.5,7.3,3.3,12.5,87.0
Monday,Evening,0,25,243,1.57,15.0,84.9,3.1,19.7,7.2,84.5
Friday,Day,0,42,507,3.05,23.6,70.8,3.1,18.3,8.2,103.2
Tuesday,Day,1,19,673,1.64,18.8,89.2,5.1,10.0,12.5,106.7
Saturday,Evening,0,21,378,3.27,16.1,64.8,8.8,6.2,9.7,81.3
Wednesday,Day,0,19,569,3.66,29.6,73.7,5.5,3.3,5.5,91.7
Tuesday,Evening,0,45,459,2.71,35.0,75.2,9.6,7.7,10.5,97.6
Sunday,Day,0,19,603,3.51,33.7,65.4,8.6,21.8,2.8,70.6
Tuesday,Day,1,33,680,2.79,25.9,77.1,4.5,3.4,3.1,116.1
Wednesday,Day,0,22,369,3.68,20.4,80.2,0.5,23.2,3.0,61.9
Tuesday,Evening,0,40,489,2.55,21.6,59.7,4.5,13.4,23.7,100.3
Monday,Night,0,19,474,1.5,24.4,74.1,6.8,7.7,14.8,69.7
Monday,Day,0,18,403,2.76,19.5,60.5,5.4,18.4,16.2,72.2
Monday,Night,0,33,273,3.74,29.9,98.4,7.1,7.5,12.1,78.8
Tuesday,Evening,0,44,455,3.09,9.8,80.1,7.8,6.6,15.5,119.7
Monday,Evening,0,22,340,2.52,20.2,79.3,6.8,16.0,20.2,72.8
Friday,Evening,0,36,586,2.98,26.8,80.3,4.4,8.0,14.9,109.7
Friday,Evening,0,48,441,3.33,16.9,84.0,6.8,7.5,23.5,104.0
Wednesday,Night,0,41,589,2.75,20.6,87.8,11.9,4.6,11.7,97.1
Wednesday,Evening,0,46,248,4.24,25.6,62.4,0.7,6.5,16.2,89.1
Thursday,Evening,0,29,468,2.52,31.1,91.1,6.7,25.2,16.9,64.9
Sunday,Day,0,53,611,3.35,14.2,90.5,10.7,0.4,5.5,138.1
Saturday,Day,0,23,425,3.22,13.8,77.3,1.7,3.3,12.3,87.5
Monday,Evening,0,41,420,2.42,16.3,76.8,8.2,3.9,0.0,102.2
Tuesday,Day,0,34,427,2.57,12.8,47.0,8.6,7.0,11.1,94.3
Tuesday,Day,0,19,400,3.36,13.2,65.6,0.8,6.1,10.0,86.3
Tuesday,Day,0,53,488,2.88,16.2,83.2,7.3,9.0,9.6,125.2
Friday,Day,1,44,557,2.99,29.4,92.0,4.4,0.8,9.1,131.9
Wednesday,Evening,0,26,439,1.9,20.1,85.3,5.0,8.9,15.6,86.9
Monday,Evening,0,19,484,3.16,22.2,77.2,4.2,25.0,5.8,88.2
Wednesday,Day,1,43,630,2.96,16.3,99.0,9.1,8.0,25.0,129.6
Thursday,Day,0,38,380,2.76,25.8,88.1,4.9,6.3,16.0,98.9
Monday,Day,1,19,733,3.0,33.3,76.1,3.8,7.2,6.4,102.0
Saturday,Day,0,55,579,2.57,16.7,99.0,3.9,5.6,16.5,156.0
Monday,Evening,1,45,516,2.47,32.3,69.0,4.2,13.4,19.0,99.0
Sunday,Evening,1,35,512,2.67,24.2,65.3,2.0,10.1,14.6,92.0
Monday,Evening,1,27,525,2.54,22.1,75.8,3.8,9.5,5.0,89.0
Saturday,Evening,0,28,542,4.0,24.4,70.4,5.6,18.4,27.7,71.1
Sunday,Night,0,35,456,3.3,24.3,74.4,6.4,13.5,16.5,84.0
Sunday,Evening,0,20,530,2.27,33.1,86.0,8.8,0.4,3.3,78.9
Saturday,Evening,0,31,459,3.92,25.1,77.7,5.9,5.5,13.5,86.6
Saturday,Evening,0,26,402,2.56,25.2,77.9,3.8,2.1,10.5,89.5
Friday,Day,1,22,767,2.82,19.5,80.6,2.2,3.8,12.0,111.4
Saturday,Night,0,22,412,3.29,27.0,54.9,6.1,4.6,3.6,72.7
Monday,Day,0,31,473,1.72,16.3,62.8,4.8,3.7,12.4,104.7
Thursday,Day,0,32,328,2.67,22.7,74.1,4.9,13.9,6.2,101.6
Thursday,Night,0,31,376,2.48,39.3,69.6,6.0,12.3,9.6,78.9
Saturday,Evening,0,44,586,2.91,8.0,75.7,6.8,5.5,14.7,122.7
Thursday,Day,0,37,407,3.0,23.4,92.0,6.0,12.0,8.7,95.7
Wednesday,Day,0,25,547,2.76,23.6,77.3,4.7,10.8,10.0,88.5
Friday,Day,1,54,459,2.73,20.6,66.8,2.8,8.5,17.7,113.9
Tuesday,Evening,0,45,392,3.39,20.8,70.1,3.4,6.8,5.8,105.0
Monday,Day,0,35,439,2.97,22.5,95.1,7.7,15.0,7.5,103.6
Thursday,Night,0,19,596,2.82,20.5,93.3,3.9,7.5,3.2,97.9
Wednesday,Night,1,52,494,2.88,23.3,86.0,1.2,9.3,6.2,126.2
Tuesday,Evening,1,46,689,3.81,19.1,64.4,8.7,8.8,12.9,120.6
Wednesday,Evening,0,35,550,2.89,34.1,81.1,2.4,4.8,16.5,108.5
Wednesday,Day,0,24,401,2.52,20.5,81.8,5.3,4.6,6.4,85.1
Wednesday,Day,0,22,435,1.75,25.4,78.3,6.7,6.5,16.3,82.8
Wednesday,Evening,0,29,463,2.01,18.0,72.3,5.2,13.8,12.7,88.8
Friday,Day,0,26,359,2.54,27.6,74.4,0.0,7.0,2.3,85.8
Wednesday,Day,0,25,427,2.74,26.4,71.6,6.4,1.0,13.2,85.6
Sunday,Day,0,33,596,2.49,24.5,66.5,9.2,10.0,20.4,100.9
Sunday,Day,0,19,525,2.99,15.8,91.7,7.6,5.0,0.0,99.5
Thursday,Day,0,30,460,2.49,17.5,86.8,0.0,3.6,26.0,105.4
Wednesday,Evening,1,51,641,2.3,32.1,77.2,11.6,12.8,7.7,112.9
Thursday,Night,0,50,485,3.14,17.4,81.5,1.2,12.8,0.5,120.0
Saturday,Evening,0,18,563,3.55,25.8,81.9,2.0,8.6,13.0,88.1
Friday,Night,0,43,402,2.19,16.3,99.0,7.5,6.1,17.8,102.3
Saturday,Day,1,55,836,2.93,28.1,88.7,6.6,5.2,10.0,135.2
Thursday,Night,0,39,555,1.75,17.9,86.3,5.4,2.2,14.2,122.7
Friday,Evening,0,32,544,1.99,16.2,78.4,3.5,0.4,26.8,118.6
Wednesday,Day,0,36,390,2.48,17.7,73.7,9.2,5.5,13.4,100.0
Saturday,Night,0,26,368,3.42,18.7,91.8,5.1,5.6,32.9,76.1
Tuesday,Day,1,33,614,2.37,24.4,86.5,0.5,3.4,20.9,128.4
Friday,Day,0,53,506,2.35,22.4,69.7,8.9,18.3,12.4,117.3
Sunday,Day,0,41,307,2.82,15.4,82.5,5.9,4.8,14.0,106.9
Monday,Day,0,34,502,2.82,21.8,86.4,8.5,8.5,9.8,110.9
Friday,Day,0,22,622,2.37,15.1,57.0,6.9,9.9,13.7,83.1
Monday,Evening,0,52,490,3.89,25.9,68.8,12.4,11.0,15.9,94.2
Saturday,Night,0,24,401,2.65,27.0,81.6,4.3,4.3,9.2,85.4
Monday,Day,0,45,380,2.86,21.9,58.8,5.2,5.9,2.3,106.4
Sunday,Evening,0,29,483,2.58,23.6,60.3,7.4,7.8,21.2,87.9
Monday,Day,1,28,620,3.04,32.5,77.3,4.3,4.3,18.8,111.3
Sunday,Night,1,24,652,3.48,21.1,84.9,7.6,17.1,2.1,81.0
Saturday,Day,1,32,747,3.72,16.3,85.4,0.0,32.8,13.2,106.8
Friday,Day,0,43,604,2.38,25.5,93.8,5.0,9.7,19.2,136.4
Saturday,Evening,0,33,382,3.41,15.2,78.8,4.9,9.6,18.5,86.8
Saturday,Evening,0,18,511,3.1,20.7,74.3,4.8,16.3,7.1,72.3
Sunday,Evening,1,28,600,3.34,18.4,66.9,2.6,13.8,18.9,78.8
Tuesday,Evening,0,24,436,2.75,17.8,74.2,7.9,7.6,12.1,82.0
Friday,Evening,0,33,562,2.7,20.5,85.1,3.7,23.9,14.7,98.8
Monday,Day,0,52,547,3.31,27.4,85.5,5.8,4.5,5.6,132.6
Friday,Day,0,54,633,3.33,28.6,80.6,5.1,12.9,0.0,122.1
Tuesday,Day,1,55,685,3.66,27.6,85.5,6.7,5.9,6.6,138.4
Friday,Day,0,22,490,2.91,24.0,90.8,9.5,10.6,15.8,87.3
Friday,Day,0,36,476,2.74,20.5,78.8,5.8,5.4,10.6,106.9
Thursday,Evening,0,19,290,1.45,8.0,91.7,7.7,23.4,16.6,64.3
Thursday,Day,0,36,602,1.91,24.2,70.7,5.6,16.8,19.7,103.0
Saturday,Evening,0,39,459,2.58,8.3,77.3,3.7,10.2,9.7,105.2
Saturday,Evening,1,47,718,2.19,10.5,75.2,4.8,14.0,9.0,118.2
Thursday,Evening,0,30,520,3.25,21.0,85.9,4.3,3.4,0.0,108.2
Friday,Evening,0,19,362,2.08,23.6,67.9,6.9,1.8,1.2,78.0
Sunday,Day,0,35,387,2.52,19.3,74.8,5.5,4.4,2.6,111.0
Monday,Day,0,34,602,2.55,31.2,59.4,2.8,22.9,15.9,86.1
Monday,Evening,0,41,463,3.46,24.8,83.9,4.5,5.4,9.8,109.8
Monday,Evening,0,21,380,2.47,20.5,90.5,0.6,14.7,8.3,91.5
Friday,Day,1,41,668,3.05,30.3,89.1,4.6,6.4,7.5,139.4
Wednesday,Day,0,33,573,2.91,31.4,86.1,5.2,6.7,6.5,112.9
Saturday,Evening,0,46,579,3.3,25.1,86.4,10.6,5.5,18.5,116.8
Friday,Evening,0,55,341,3.27,17.3,85.0,9.2,5.1,12.7,103.8
Wednesday,Day,0,26,625,2.78,18.7,84.1,2.1,13.9,18.9,100.4
Sunday,Day,0,46,567,1.87,13.3,84.8,5.8,5.2,0.0,127.4
Saturday,Night,1,22,631,2.67,21.7,73.4,5.9,5.1,15.7,86.6
Tuesday,Day,0,55,352,2.79,15.7,76.0,4.5,7.6,8.6,137.3
Wednesday,Night,1,36,705,2.96,20.0,80.7,4.7,5.9,10.0,103.7
Wednesday,Day,0,46,515,2.39,23.6,74.6,4.1,3.7,21.5,100.3
Tuesday,Evening,0,47,307,3.43,10.1,62.3,10.8,12.8,9.3,97.9
Tuesday,Day,0,41,443,2.81,14.4,65.6,4.0,9.1,15.4,100.5
Sunday,Day,0,32,772,2.29,19.0,80.3,6.2,4.9,4.9,124.9
Thursday,Night,1,46,612,2.55,21.7,89.1,0.0,3.7,12.3,120.8
Wednesday,Evening,0,36,380,3.86,19.0,78.1,7.7,16.5,0.9,83.3
Saturday,Night,0,43,369,3.17,20.4,99.0,8.8,2.4,11.6,115.7
Thursday,Day,0,41,643,3.38,17.8,68.8,2.0,11.6,14.7,104.5
Sunday,Night,1,35,691,2.23,13.3,84.4,3.7,1.0,19.7,120.2
Saturday,Night,0,22,599,2.42,18.8,90.9,6.6,8.2,6.3,97.8
Thursday,Evening,0,29,479,2.43,20.7,88.7,5.3,8.4,8.3,92.4
Wednesday,Day,0,53,589,2.9,20.1,84.6,6.6,2.0,7.5,138.1
Sunday,Evening,1,37,554,2.7,22.7,90.7,4.3,2.2,10.2,121.7
Saturday,Evening,0,42,505,2.53,24.5,78.6,10.8,8.7,5.3,111.4
Sunday,Night,0,27,457,2.6,26.1,94.6,3.2,2.1,0.0,113.6
Monday,Day,1,44,766,2.36,18.2,92.8,13.3,19.0,4.7,144.6
Saturday,Day,0,36,540,2.7,12.5,69.5,8.9,5.0,11.7,113.7
Friday,Day,0,26,441,3.41,29.6,81.2,7.7,21.4,11.0,75.0
Monday,Evening,0,23,441,1.97,24.3,62.5,2.1,18.2,15.9,76.9
Friday,Night,0,33,296,2.99,16.3,93.2,7.9,6.9,17.9,82.7
Friday,Day,0,39,280,3.56,23.7,80.2,7.0,8.9,8.9,80.5
Monday,Evening,0,28,514,2.7,28.4,91.5,0.0,15.8,0.9,97.1
Thursday,Night,0,27,394,2.51,32.4,76.9,1.0,2.8,14.8,89.4
Saturday,Day,0,28,485,3.31,23.5,59.4,6.3,5.4,11.9,78.1
Wednesday,Day,0,29,549,2.26,28.4,99.0,4.8,21.0,10.2,92.7
Thursday,Evening,0,46,588,2.79,14.7,79.3,3.7,14.5,20.5,110.4
Thursday,Evening,0,36,506,2.23,21.8,68.0,8.4,6.2,15.2,99.2
Wednesday,Day,0,35,653,1.77,20.0,89.5,2.5,8.9,12.9,140.8
Sunday,Night,0,24,478,2.72,24.1,98.4,3.8,4.2,13.1,87.4
Saturday,Evening,0,38,519,2.11,31.7,76.0,3.3,5.8,17.9,106.3
Monday,Night,0,54,433,2.79,23.5,77.0,6.7,11.4,7.2,109.2
Sunday,Night,0,46,308,3.41,16.4,80.4,0.0,5.8,5.8,105.2
Sunday,Night,0,34,521,3.82,14.4,66.9,3.7,12.8,10.4,90.3
Wednesday,Evening,1,29,398,2.85,31.9,73.1,0.0,2.1,3.8,91.8
Saturday,Day,0,31,454,3.36,25.1,95.8,4.3,11.3,11.7,122.5
Monday,Evening,0,19,437,3.02,24.7,76.7,7.4,3.2,12.7,81.2
Sunday,Day,0,19,400,2.59,19.9,69.6,7.4,6.8,11.5,77.2
Friday,Evening,0,47,437,1.74,23.6,73.5,3.0,4.0,9.5,125.1
Friday,Day,0,50,675,3.69,16.1,88.7,6.8,11.4,23.6,127.5
Monday,Evening,0,54,540,2.22,24.3,58.2,4.6,2.3,18.6,119.3
Sunday,Day,1,41,590,3.56,15.0,82.5,9.3,12.9,11.3,117.3
Monday,Day,0,53,410,3.1,19.8,99.0,4.8,7.6,12.7,126.0
Tuesday,Day,0,33,344,2.26,18.1,98.3,0.0,6.3,21.6,98.0
Tuesday,Evening,0,27,512,2.97,8.0,83.7,7.9,4.5,7.9,86.4
Saturday,Evening,0,27,466,3.97,19.9,91.2,3.8,5.3,5.2,99.7
Tuesday,Day,1,26,458,3.64,16.6,93.1,4.4,17.9,13.6,93.1
Sunday,Night,0,46,440,2.52,20.7,76.7,6.2,4.4,14.9,114.6
Friday,Night,0,18,497,2.41,22.0,87.2,0.9,18.0,15.4,69.1
Monday,Day,0,53,546,2.86,32.6,95.9,5.4,22.2,17.8,110.4
Monday,Evening,0,47,428,2.71,23.8,65.4,6.8,6.2,6.9,110.7
Monday,Day,0,32,420,3.46,24.0,83.8,6.3,1.8,2.1,98.5
Friday,Day,0,44,689,3.21,25.0,81.6,3.4,15.0,7.9,125.9
Saturday,Evening,0,23,491,1.87,27.2,79.0,8.2,14.9,16.1,81.8
Tuesday,Day,0,34,533,3.05,24.7,78.1,2.2,18.2,5.5,114.8
Saturday,Night,0,22,414,2.7,23.7,80.3,3.3,7.1,0.0,89.2
Monday,Night,0,22,476,2.82,26.3,81.2,4.8,9.6,13.0,79.1
Saturday,Night,0,18,327,2.94,8.0,89.2,6.1,5.2,8.0,85.6
Sunday,Evening,0,48,411,3.46,34.5,82.8,4.2,5.0,0.0,110.1
Saturday,Evening,0,46,375,3.34,31.5,76.2,8.9,9.3,12.5,84.5
Friday,Night,0,51,398,2.39,23.3,69.6,6.1,15.9,9.3,102.5
Saturday,Day,1,55,809,2.77,13.5,75.3,5.4,13.5,23.7,152.8
Monday,Day,0,54,397,2.55,29.3,80.6,6.0,7.8,12.6,101.2
Tuesday,Evening,0,55,513,1.87,17.8,70.9,7.4,16.8,16.1,120.4
Monday,Day,0,18,599,2.74,25.2,87.5,5.9,2.4,11.9,83.7
Thursday,Day,0,47,472,3.81,14.3,82.3,0.0,35.0,7.8,105.8
Saturday,Day,1,45,784,1.86,35.4,91.4,8.5,2.7,8.6,136.6
Friday,Evening,0,24,530,2.79,13.3,71.6,5.6,7.3,19.6,92.7
Saturday,Day,0,23,521,2.77,22.4,69.7,7.3,9.2,17.2,88.7
Tuesday,Day,1,55,716,2.96,9.3,91.4,4.0,9.4,1.6,163.1
Saturday,Day,1,51,865,2.27,21.8,81.3,0.0,15.7,3.3,152.6
Tuesday,Day,0,30,404,2.02,19.4,76.0,0.0,3.6,3.6,104.5
Tuesday,Night,0,20,329,2.04,28.8,85.0,2.4,9.9,19.4,77.3
Friday,Day,0,30,403,3.53,19.4,84.6,6.8,12.7,0.0,90.6
Sunday,Evening,0,18,549,2.26,28.8,65.4,9.1,17.3,17.5,65.3
Friday,Evening,0,44,587,2.53,15.9,91.8,6.1,6.1,14.8,113.6
Monday,Day,0,32,404,3.96,20.3,73.9,2.0,8.5,13.0,101.7
Friday,Night,0,19,252,2.4,20.4,95.0,2.8,7.6,8.7,71.6
Monday,Evening,0,55,371,2.99,25.0,64.7,9.3,12.3,20.3,81.0
Sunday,Evening,0,49,507,3.39,24.2,81.2,1.3,12.3,12.8,120.9
Friday,Day,0,52,494,3.36,26.3,76.1,11.5,5.9,1.9,114.1
Tuesday,Day,0,55,482,2.07,23.6,58.2,10.8,7.5,3.5,116.5
Monday,Night,0,18,360,2.41,26.0,84.6,11.6,8.0,0.5,65.4
Tuesday,Evening,0,47,541,2.97,16.6,58.8,6.3,3.1,20.4,106.3
Sunday,Night,0,47,463,3.86,24.3,75.1,4.2,10.3,22.0,119.3
Thursday,Night,0,47,486,2.38,31.6,89.0,6.3,10.0,19.6,116.8
Saturday,Day,0,28,525,2.53,11.9,72.7,7.9,3.1,11.0,109.8
Friday,Evening,0,32,530,3.03,24.9,69.0,3.2,10.8,2.0,96.3
Friday,Evening,0,53,524,3.14,26.1,86.0,1.9,38.3,4.6,115.6
Tuesday,Evening,0,20,357,3.17,30.8,75.5,4.3,4.0,5.1,74.8
Sunday,Day,0,42,510,2.33,26.4,73.9,2.9,3.1,11.7,125.3
Wednesday,Day,0,48,545,2.51,22.6,90.7,8.9,12.6,21.7,122.4
Friday,Evening,0,48,590,2.92,24.6,66.3,3.4,5.9,21.7,113.8
Friday,Evening,1,40,700,3.49,17.6,75.4,5.5,15.7,8.6,118.6
Friday,Evening,0,47,388,2.67,19.7,86.7,8.1,7.3,0.0,109.8
Sunday,Day,0,52,398,2.79,14.0,65.7,9.0,4.7,3.8,121.3
Tuesday,Day,1,47,604,2.24,30.9,97.8,5.8,7.2,20.3,124.2
Thursday,Night,1,22,628,3.82,24.7,77.8,6.4,12.3,13.6,74.6
Wednesday,Day,0,27,458,2.88,16.5,86.7,2.1,12.0,9.5,79.6
Thursday,Day,0,29,368,3.39,23.6,86.7,8.3,2.1,9.0,95.4
Monday,Evening,1,31,508,2.82,29.0,78.5,9.0,12.3,6.7,97.7
Monday,Day,0,31,256,2.85,28.0,73.2,0.0,8.2,3.6,96.4
Tuesday,Evening,0,26,149,1.97,16.4,77.6,10.5,8.7,26.5,57.2
Wednesday,Day,0,43,457,1.62,8.0,85.1,3.1,10.3,24.0,124.2
Thursday,Night,0,22,650,3.49,24.4,68.1,7.0,3.1,6.2,83.0
Friday,Night,0,47,626,2.84,16.7,66.0,5.4,2.1,0.0,124.8
Friday,Night,0,43,362,2.91,25.7,92.8,5.0,2.2,13.2,97.7
Wednesday,Evening,0,54,464,2.11,27.7,70.7,4.6,15.0,11.0,110.4
Wednesday,Day,0,18,331,2.3,28.7,81.5,2.2,14.9,16.4,60.9
Tuesday,Evening,0,29,320,3.38,32.5,76.0,6.8,0.6,18.0,70.7
Friday,Night,1,52,521,3.76,29.4,78.4,4.3,7.5,3.8,115.9
Wednesday,Evening,0,36,429,2.46,32.5,92.3,1.3,5.1,21.0,102.4
Monday,Evening,1,39,598,3.17,30.3,79.1,2.1,3.4,9.5,102.5
Wednesday,Evening,1,19,654,2.9,30.8,76.4,1.3,17.1,16.3,81.1
Thursday,Evening,0,46,518,2.73,21.8,75.3,3.6,19.5,10.2,107.9
Tuesday,Evening,0,27,413,3.82,14.3,73.0,6.7,9.0,18.5,89.0
Friday,Day,0,54,503,2.55,36.9,71.3,3.1,4.9,0.0,119.2
Friday,Evening,1,32,556,3.48,22.4,75.0,8.1,5.6,17.2,100.2
Friday,Evening,0,25,352,3.01,29.4,94.6,4.8,2.9,6.2,82.7
Friday,Day,0,40,358,2.79,18.7,85.1,4.3,5.5,12.5,104.8
Friday,Night,1,36,697,3.55,27.8,76.5,5.3,3.8,20.7,95.2
Wednesday,Evening,0,35,418,2.96,8.0,87.8,9.4,18.7,6.4,87.1
Saturday,Day,1,54,512,2.75,19.5,64.1,1.1,1.3,5.3,136.0
Thursday,Night,0,31,424,3.56,21.4,91.8,10.2,13.8,9.4,88.4
Thursday,Evening,0,33,336,3.49,24.8,91.0,8.1,3.6,9.0,84.2
Friday,Evening,0,41,638,3.46,28.4,99.0,5.1,12.2,4.6,108.9
Wednesday,Day,0,24,415,1.3,15.4,88.1,8.7,6.9,12.7,98.2
Thursday,Night,0,49,495,3.04,26.0,82.4,4.2,14.0,13.1,105.6
Saturday,Day,1,26,793,2.92,29.4,92.9,6.1,2.3,15.2,112.8
Sunday,Evening,0,27,364,2.78,36.1,71.7,3.6,4.7,6.3,84.1
Sunday,Day,0,18,482,3.14,26.2,74.0,8.1,5.9,5.4,75.0
Thursday,Evening,1,31,688,2.94,19.2,79.4,3.1,8.1,11.2,103.5
Thursday,Evening,0,40,466,3.17,14.4,91.7,5.0,8.0,10.3,117.8
Saturday,Evening,0,44,524,2.65,33.0,69.4,7.2,2.9,10.4,107.2
Wednesday,Evening,1,52,504,3.62,26.4,70.4,8.3,2.2,7.0,122.1
Saturday,Night,0,47,518,3.23,21.9,80.4,2.7,6.2,14.3,122.7
Thursday,Evening,0,30,409,3.1,12.3,85.2,7.5,7.3,5.4,100.7
Monday,Day,0,49,488,3.07,16.4,71.0,2.3,5.9,11.1,111.8
Monday,Night,0,25,497,3.44,25.8,84.7,0.0,1.3,9.9,89.0
Saturday,Evening,0,25,554,3.36,24.1,91.7,3.0,7.6,11.8,105.6
Monday,Night,0,31,443,2.74,10.3,90.0,7.7,10.7,20.3,93.6
Wednesday,Night,0,38,486,3.34,25.8,81.5,5.2,9.0,2.8,97.8
Wednesday,Night,0,25,490,2.9,12.6,77.1,3.6,6.7,0.0,78.6
Tuesday,Evening,0,52,587,3.85,30.1,95.4,5.4,8.5,7.8,118.5
Wednesday,Evening,0,28,447,3.4,23.3,78.2,5.3,4.0,3.9,90.5
Saturday,Day,0,32,526,2.46,19.2,87.4,7.1,17.2,0.0,96.7
Monday,Evening,0,40,524,4.08,27.9,97.6,0.4,5.0,24.2,114.1
Saturday,Evening,0,34,443,1.64,24.1,86.4,4.9,11.0,15.9,101.0
Saturday,Evening,1,33,543,3.15,29.9,70.0,5.6,6.5,16.7,83.1
Wednesday,Night,0,55,472,2.42,22.5,65.6,1.1,14.4,10.0,107.9
Tuesday,Day,0,34,445,3.84,22.8,75.0,1.1,4.9,14.9,96.6
Friday,Day,0,22,385,2.94,20.3,85.1,4.1,14.5,9.0,82.4
Monday,Evening,0,45,483,2.36,23.6,82.4,5.2,18.7,17.7,114.6
Wednesday,Day,1,44,786,2.65,32.2,99.0,5.2,3.7,13.3,137.9
Sunday,Day,0,26,320,2.41,19.0,82.4,3.5,13.4,11.7,79.1
Sunday,Day,0,50,572,2.63,25.9,74.7,3.4,21.6,12.3,107.8
Saturday,Night,0,32,224,2.62,16.7,66.7,4.0,9.5,22.3,72.0
Wednesday,Evening,0,23,412,2.39,9.6,89.8,6.1,16.4,13.2,86.3
Friday,Day,0,24,675,2.95,23.2,77.9,8.9,19.0,4.8,98.0
Friday,Day,1,45,649,3.02,24.2,64.9,0.0,14.8,14.4,133.9
Wednesday,Evening,0,26,459,2.25,21.3,78.2,7.1,4.1,15.4,102.1
Friday,Day,0,35,572,1.89,13.0,68.0,4.9,10.5,11.0,107.3
Monday,Evening,0,45,272,2.97,23.8,73.7,6.8,11.5,11.6,98.5
Tuesday,Evening,0,50,452,3.09,23.6,78.1,8.8,1.1,4.5,118.4
Thursday,Day,0,36,481,3.2,16.7,68.9,2.9,6.9,12.7,95.5
Tuesday,Evening,0,52,622,3.1,13.9,73.1,8.0,8.5,3.5,111.3
Tuesday,Day,0,29,348,3.66,20.5,70.6,1.4,10.9,10.2,86.1
Saturday,Day,0,51,474,3.35,25.9,70.8,5.6,3.2,7.3,110.2
Sunday,Night,1,27,522,4.27,24.5,69.9,4.5,6.5,18.9,76.6
Thursday,Evening,0,20,357,4.51,16.7,73.2,5.3,9.0,22.8,58.3
Saturday,Night,1,45,752,1.83,22.8,71.1,2.2,5.5,4.0,130.2
Sunday,Day,0,46,478,1.59,27.3,83.9,6.5,1.1,12.0,136.0
Tuesday,Day,0,53,412,2.8,15.0,80.0,10.0,17.7,9.8,114.2
Thursday,Evening,1,53,586,3.08,22.4,91.9,2.3,26.9,15.3,118.7
Wednesday,Evening,0,21,396,2.76,30.0,96.9,5.8,9.9,12.7,63.7
Monday,Night,0,41,365,3.19,14.4,84.8,7.8,10.1,9.3,98.5
Saturday,Day,0,44,390,2.65,28.9,82.5,4.3,7.4,12.7,111.8
Thursday,Night,0,40,405,2.42,31.7,85.4,9.3,2.2,10.5,91.2
Thursday,Night,1,18,576,2.5,20.7,84.7,3.9,1.5,23.1,97.9
Tuesday,Evening,0,19,373,2.69,19.9,78.5,4.9,16.8,6.4,62.7
Tuesday,Day,1,43,660,3.26,28.2,79.7,2.2,25.0,13.8,108.5
Sunday,Evening,0,50,478,2.53,20.9,67.8,5.6,10.6,15.6,110.8
Monday,Day,0,24,402,2.64,8.0,86.4,5.2,5.4,15.1,92.1
Tuesday,Evening,0,19,431,3.11,21.4,77.7,7.1,6.5,9.9,79.7
Wednesday,Evening,1,33,835,2.69,24.8,94.5,3.3,11.8,21.6,114.8
Thursday,Night,0,29,631,3.41,26.4,87.2,3.2,16.2,0.0,101.6
Friday,Evening,1,55,560,2.29,16.7,73.7,6.6,7.5,4.3,137.6
Thursday,Evening,0,53,368,2.17,20.4,90.5,9.4,5.8,16.6,115.9
Monday,Evening,0,39,334,2.97,27.9,52.4,7.1,3.1,5.8,82.3
Tuesday,Evening,0,54,545,3.02,21.6,97.3,10.7,4.9,5.4,132.5
Saturday,Night,0,26,427,2.32,12.8,64.6,6.9,11.3,8.7,79.4
Friday,Day,1,55,703,3.54,29.4,85.0,6.8,9.4,6.5,136.1
Friday,Night,0,34,645,3.86,20.7,82.3,7.2,8.8,16.5,99.0
Friday,Night,0,36,454,2.45,28.5,89.2,9.7,3.2,18.3,93.8
Saturday,Night,0,19,532,3.62,13.6,74.7,8.9,6.2,12.6,79.4
Monday,Evening,0,24,484,1.49,21.3,56.5,1.9,13.6,19.4,74.0
Wednesday,Night,0,25,369,3.39,25.1,74.7,7.6,20.5,2.3,73.6
Thursday,Day,1,36,756,2.33,21.5,77.8,6.0,13.1,12.5,107.6
Wednesday,Evening,0,25,369,3.34,14.9,57.5,4.6,16.1,21.4,69.2
Saturday,Day,0,21,637,2.27,8.0,78.5,0.0,1.2,18.8,109.5
Thursday,Day,0,40,419,2.76,31.1,67.2,0.6,18.1,22.1,100.3
Saturday,Day,0,51,465,2.35,23.5,84.5,4.1,10.5,7.9,134.3
Saturday,Day,0,20,407,2.68,29.0,75.5,0.8,8.9,18.4,82.4
Thursday,Day,0,39,387,3.81,27.6,97.6,4.2,9.6,9.0,115.9
Sunday,Night,0,54,389,2.74,25.6,75.4,7.3,23.2,16.2,96.6
Friday,Day,0,33,269,3.96,20.1,82.3,3.5,5.2,21.2,93.8
Saturday,Evening,1,24,648,2.59,24.9,77.9,5.5,9.6,6.4,96.5
Wednesday,Day,1,21,602,3.62,30.6,63.8,2.0,6.9,0.0,95.7
Thursday,Evening,1,53,710,1.91,22.5,78.0,6.1,3.4,24.9,127.0
Thursday,Evening,0,33,495,2.64,33.4,85.5,6.7,1.8,15.4,96.8
Monday,Day,0,21,388,2.51,13.0,84.0,0.9,3.4,11.3,95.3
Wednesday,Evening,0,50,406,3.65,12.4,75.1,2.9,4.2,10.9,121.8
Sunday,Night,0,48,408,2.9,27.9,63.4,1.4,7.1,0.0,100.8
Friday,Night,0,44,596,1.65,17.1,84.4,6.7,16.1,13.5,135.0
Tuesday,Day,0,21,387,2.08,34.3,82.2,5.7,3.4,8.3,74.2
Wednesday,Evening,1,21,562,2.24,30.0,88.4,5.1,4.1,12.4,97.8
Tuesday,Evening,1,26,518,3.31,31.5,77.3,4.8,22.9,12.2,81.0
Monday,Day,0,24,314,3.24,27.3,61.2,6.2,5.4,0.0,79.1
Sunday,Night,0,38,459,2.63,16.5,83.3,6.2,4.6,15.4,99.5
Thursday,Day,0,32,494,2.5,12.0,77.9,3.7,4.7,13.3,110.2
Wednesday,Night,0,47,547,3.19,31.0,91.9,3.3,8.4,14.3,106.8
Friday,Day,0,21,599,2.18,13.0,78.3,5.0,7.2,10.7,114.8
Monday,Day,1,45,863,3.05,31.5,79.5,4.6,4.3,12.3,121.7
Tuesday,Night,0,53,413,3.0,26.0,82.2,11.4,5.6,13.2,103.7
Friday,Night,0,22,430,2.65,21.5,72.0,4.0,13.9,13.9,65.5
Friday,Night,0,42,331,3.02,24.7,71.5,6.1,9.2,15.3,79.8
Sunday,Night,0,37,496,2.86,24.8,77.0,6.6,19.1,14.0,78.1
Friday,Day,0,21,511,3.07,20.8,68.8,9.4,6.1,24.9,83.1
Thursday,Day,0,29,537,2.07,30.6,75.7,2.8,13.8,6.9,92.5
Saturday,Day,0,47,402,3.14,30.3,97.4,9.2,14.2,9.4,105.4
Sunday,Evening,0,51,488,3.36,22.9,88.4,4.8,4.1,23.9,113.1
Saturday,Day,0,31,529,2.98,18.4,81.1,12.7,10.2,10.9,100.8
Sunday,Night,0,22,443,3.13,29.8,93.5,6.3,7.9,18.5,77.5
Saturday,Day,0,27,445,2.74,9.9,69.8,1.5,1.2,12.9,104.2
Sunday,Day,1,50,768,3.29,24.7,99.0,4.6,1.9,10.4,140.9
Monday,Day,0,39,650,2.84,26.4,73.4,9.2,8.6,18.9,110.5
Saturday,Day,0,34,405,2.17,17.0,98.0,5.4,1.4,15.6,110.7
Thursday,Day,0,18,543,3.25,27.8,98.0,5.0,1.0,1.3,98.4
Thursday,Evening,0,47,182,1.9,21.8,60.5,7.4,7.8,13.2,89.2
Friday,Day,0,35,564,2.96,18.7,92.7,4.2,0.5,5.0,108.8
Sunday,Evening,0,38,277,2.59,27.8,75.2,4.6,2.9,20.9,106.8
Sunday,Night,0,50,380,2.55,15.5,72.3,2.4,7.7,24.3,112.4
Wednesday,Evening,1,39,505,2.89,27.2,85.2,10.4,6.7,25.1,102.3
Saturday,Evening,0,53,470,2.41,10.1,67.9,1.5,6.7,14.5,129.4
Saturday,Day,0,39,590,3.08,23.7,83.0,5.7,11.6,8.8,130.3
Wednesday,Day,1,31,474,2.83,22.3,70.6,6.6,15.3,14.3,101.5
Monday,Day,0,53,421,2.46,18.8,79.8,5.2,16.4,5.4,123.1
Monday,Night,0,42,361,3.54,24.3,91.4,1.4,24.3,28.4,78.4
Saturday,Evening,0,46,640,2.91,21.5,81.9,2.2,0.6,20.4,124.0
Thursday,Day,0,26,516,3.15,28.3,74.4,6.8,3.8,14.1,76.2
Sunday,Evening,0,43,343,3.58,25.4,83.4,2.9,2.7,19.0,100.5
Thursday,Night,0,39,385,3.57,24.7,63.9,0.0,24.8,8.6,82.7
Sunday,Evening,0,21,603,3.12,23.8,69.6,6.4,7.9,4.2,92.5
Wednesday,Evening,1,27,698,2.63,19.2,75.7,2.6,7.0,0.0,114.6
Saturday,Night,0,52,378,2.01,20.2,85.9,7.1,5.1,12.6,112.8
Monday,Evening,0,39,410,2.91,23.5,82.1,4.6,4.9,10.5,106.1
Thursday,Evening,0,47,433,3.4,21.0,83.4,4.5,4.9,15.6,116.8
Saturday,Day,0,24,459,2.99,28.7,77.7,5.4,5.2,12.1,73.2
Sunday,Day,0,26,313,1.3,22.6,70.1,1.8,4.8,15.3,95.3
Saturday,Night,0,53,401,3.28,24.3,92.9,2.7,20.9,17.7,123.0
Monday,Evening,1,33,747,3.31,13.6,73.0,4.4,30.6,1.8,96.5
Wednesday,Day,0,51,434,2.63,27.7,82.2,1.8,29.4,18.1,87.5
Monday,Evening,0,48,425,3.34,18.5,76.9,7.3,1.2,9.2,105.8
Monday,Day,0,30,468,3.15,15.7,83.6,4.3,4.2,15.6,88.3
Friday,Night,0,54,666,2.42,31.9,71.9,0.9,0.9,19.2,120.4
Saturday,Day,0,47,511,3.5,26.2,88.5,3.5,30.1,19.2,97.2
Saturday,Night,0,22,569,2.1,27.9,91.8,5.5,9.9,12.9,96.6
Sunday,Evening,0,21,398,2.77,24.7,87.9,3.9,13.6,13.2,86.2
Saturday,Day,0,22,485,2.71,21.4,79.6,6.4,6.6,18.2,92.9
Saturday,Day,0,46,511,2.35,20.3,73.6,6.9,7.0,1.5,132.6
Monday,Night,0,23,336,2.97,26.7,99.0,12.4,17.7,5.3,62.1
Tuesday,Day,0,28,446,3.52,28.8,68.1,8.7,7.8,10.0,81.8
Friday,Day,0,34,584,3.49,21.6,86.8,0.3,8.1,2.7,131.6
Saturday,Evening,0,23,414,3.2,34.4,81.3,4.1,12.7,10.1,80.8
Monday,Day,0,30,455,1.87,20.8,77.4,4.4,11.6,9.7,103.2
Thursday,Day,0,43,542,2.07,13.6,79.9,6.9,7.6,12.6,115.5
Friday,Day,1,54,602,2.89,11.7,74.9,2.4,5.0,11.6,140.0
Monday,Night,0,35,514,2.78,11.9,82.3,3.6,4.7,19.5,94.3
Wednesday,Day,0,46,477,2.53,19.5,81.2,1.5,16.6,16.0,127.9
Sunday,Day,1,38,639,3.85,20.6,99.0,3.4,8.2,11.5,116.8
Friday,Day,0,35,309,2.86,26.1,88.7,3.5,3.7,9.7,107.2
Tuesday,Day,0,37,430,3.1,21.8,83.2,4.3,14.7,11.7,104.4
Saturday,Day,0,54,545,3.34,27.1,83.8,1.6,7.5,11.8,120.6
Wednesday,Day,0,20,636,2.83,22.3,96.4,8.1,1.1,29.6,106.0
Saturday,Day,0,37,564,4.23,22.1,68.3,6.6,4.0,1.8,105.8
Wednesday,Day,1,19,757,2.28,18.5,78.2,0.9,7.5,5.5,97.9
Friday,Night,0,51,340,2.47,30.5,58.9,5.3,1.4,4.5,103.1
Wednesday,Day,0,40,458,2.28,12.8,83.6,0.5,9.6,13.9,111.8
Tuesday,Day,0,19,581,3.66,23.8,86.5,9.2,10.9,13.6,81.8
Sunday,Night,1,41,526,3.24,20.9,70.0,10.0,15.7,8.0,94.0
Tuesday,Night,0,34,512,2.5,26.7,92.4,5.0,8.8,18.3,89.3
Monday,Evening,1,19,685,2.32,21.9,72.8,2.6,4.2,14.6,88.2
Wednesday,Day,0,55,496,3.56,22.1,74.6,3.2,1.2,18.6,132.3
Saturday,Day,0,32,479,3.0,20.4,79.2,3.8,1.1,20.4,108.0
Saturday,Day,0,18,416,3.58,30.4,93.9,4.9,6.4,0.0,89.0
Sunday,Day,0,41,644,2.77,22.0,69.4,9.3,6.4,16.8,112.0
Wednesday,Day,0,32,530,3.08,33.8,80.9,8.1,1.4,3.0,101.9
Wednesday,Evening,1,42,662,2.97,23.6,87.7,8.1,9.4,13.7,112.8
Monday,Day,0,24,416,2.46,22.1,83.7,5.7,5.1,11.5,86.1
Friday,Evening,0,49,484,2.72,21.1,84.1,1.7,3.0,11.8,136.1
Sunday,Day,0,33,491,2.15,25.4,85.6,2.9,2.2,3.6,123.0
Friday,Day,0,33,538,3.07,18.5,72.5,5.4,21.0,19.2,87.4
Friday,Evening,0,48,550,3.22,22.9,94.9,1.6,0.9,3.0,120.0
Wednesday,Night,0,38,351,3.34,22.0,76.9,6.1,25.2,17.3,60.9
Sunday,Day,0,18,336,3.17,24.0,75.6,7.6,3.1,2.0,74.4
Thursday,Evening,1,39,643,2.73,24.1,93.5,6.8,26.8,11.9,109.0
Monday,Day,0,42,289,3.65,24.4,71.7,6.7,1.2,24.6,93.6
Wednesday,Day,0,29,439,3.29,22.6,81.2,0.0,10.1,28.5,92.0
Monday,Evening,0,24,387,3.56,31.4,70.8,9.2,18.2,0.7,66.5
Tuesday,Day,1,20,692,3.6,24.5,99.0,0.5,18.5,7.1,94.4
Monday,Day,0,50,643,2.73,37.6,99.0,4.7,10.0,8.3,142.3
Thursday,Evening,1,18,450,3.01,22.3,78.9,7.1,8.9,27.8,72.2
Friday,Day,0,40,716,3.23,27.8,83.2,6.3,1.6,11.5,121.2
Wednesday,Day,0,49,448,2.17,17.6,78.1,1.4,14.8,19.5,113.5
Thursday,Day,1,31,688,2.18,30.4,76.5,1.9,17.0,14.1,109.5
Sunday,Night,1,25,476,2.09,17.8,81.2,6.1,7.6,3.6,112.1
Saturday,Evening,0,45,585,2.74,24.7,77.6,6.7,8.7,0.0,111.5
Thursday,Day,0,41,479,2.62,20.4,62.8,1.9,41.1,7.7,80.5
Wednesday,Day,0,18,464,2.01,24.7,80.6,6.4,1.8,28.2,76.9
Sunday,Evening,0,39,271,2.88,20.6,77.6,0.7,10.3,13.8,93.5
Tuesday,Day,1,18,652,2.75,17.3,83.1,7.1,14.5,19.4,89.6
Wednesday,Evening,0,33,530,3.45,20.4,77.2,2.5,1.1,2.1,97.8
Sunday,Evening,0,29,433,3.91,31.2,74.4,5.4,1.2,9.7,86.0
Thursday,Day,0,49,587,3.05,24.8,86.7,4.9,3.7,17.5,138.9
Saturday,Day,0,55,618,2.42,14.3,83.3,8.7,4.0,4.4,143.9
Friday,Day,0,44,439,3.16,28.6,92.0,5.9,3.5,11.6,113.7
Friday,Day,0,45,652,2.81,16.7,82.9,3.4,4.2,5.8,136.1
Wednesday,Day,0,18,474,2.67,26.5,76.0,6.3,4.3,17.8,85.4
Tuesday,Night,0,20,425,2.33,25.3,84.2,11.6,7.6,14.8,79.7
Wednesday,Day,0,47,479,2.54,25.7,58.2,7.4,3.0,16.8,110.1
Tuesday,Evening,1,34,632,2.7,33.1,99.0,5.0,5.8,18.1,112.9
Sunday,Evening,0,37,205,3.24,17.0,80.7,2.7,7.2,10.4,85.0
Wednesday,Day,0,44,452,3.08,25.7,99.0,3.4,5.1,19.0,123.8
Friday,Day,0,31,370,3.8,29.6,69.3,7.2,10.2,7.9,73.5
Saturday,Day,0,43,665,3.17,18.1,66.8,2.5,20.2,16.4,107.1
Saturday,Evening,0,45,641,3.03,17.5,81.7,5.2,1.8,0.0,132.5
Thursday,Day,0,27,556,2.63,20.3,81.6,9.5,2.8,6.8,113.3
Thursday,Evening,0,44,432,2.23,23.9,81.4,5.7,13.1,28.2,105.4
Sunday,Night,0,24,334,2.49,13.5,79.9,2.0,9.2,16.3,81.1
Friday,Evening,1,29,598,2.42,25.3,73.7,11.7,13.9,16.3,82.6
Saturday,Night,0,47,650,1.39,13.5,63.1,10.5,12.4,6.2,128.5
Sunday,Evening,0,55,389,2.25,29.8,80.8,6.7,4.1,4.3,121.9
Saturday,Night,0,20,241,3.68,25.1,65.2,9.0,21.3,10.1,55.0
Tuesday,Night,1,42,698,3.0,33.5,66.2,4.4,21.7,11.5,101.2
Friday,Evening,0,39,623,2.59,26.0,74.2,7.4,2.9,25.4,102.0
Monday,Night,1,41,748,3.02,20.2,84.3,3.9,19.3,19.1,102.2
Friday,Night,0,47,554,1.73,17.2,97.9,1.1,20.7,12.8,115.0
Sunday,Evening,0,20,569,2.96,23.4,87.8,13.0,26.2,12.5,68.0
Thursday,Evening,0,46,460,3.5,21.8,92.3,1.0,12.6,17.3,102.8
Thursday,Evening,0,28,258,2.73,29.1,84.5,6.1,5.5,2.8,71.6
Monday,Night,0,23,413,1.83,16.4,81.7,6.1,3.9,0.0,95.7
Sunday,Day,0,34,534,2.57,34.1,99.0,6.7,5.5,17.2,115.2
Monday,Night,0,19,397,3.5,29.6,64.8,4.9,2.1,12.5,56.4
Monday,Evening,0,41,418,2.94,20.8,73.9,5.0,10.4,2.8,107.9
Tuesday,Night,0,39,328,2.02,32.8,74.6,5.6,6.4,0.0,93.0
Monday,Day,0,37,360,4.1,17.3,86.9,6.6,1.7,18.3,97.1
Thursday,Evening,0,19,630,2.11,23.2,68.2,5.2,4.0,8.3,80.7
Thursday,Evening,0,46,633,2.67,14.3,85.6,5.0,18.1,14.8,121.2
Wednesday,Night,0,19,425,2.23,33.1,83.8,1.2,10.6,10.2,87.6
Monday,Night,0,27,437,2.23,12.1,86.1,11.2,3.5,11.8,88.6
Monday,Evening,1,33,522,2.55,13.4,88.0,6.8,25.8,7.9,107.1
Wednesday,Evening,0,44,511,3.15,18.2,93.4,5.8,9.5,11.5,113.1
Monday,Day,0,33,622,3.51,29.9,77.5,3.3,2.3,16.0,112.8
Friday,Night,1,49,490,2.59,27.7,85.3,2.2,5.5,10.1,118.8
Tuesday,Day,0,53,509,2.24,22.7,70.6,7.8,1.5,9.7,108.8
Wednesday,Evening,0,47,501,3.06,28.1,68.4,4.7,21.3,16.3,91.0
Wednesday,Evening,0,19,500,3.08,21.3,95.6,7.1,14.2,16.7,80.6
Wednesday,Day,0,47,626,2.93,24.5,69.9,1.1,3.7,4.0,136.6
Monday,Day,0,25,648,2.95,31.9,84.4,9.8,14.0,11.8,89.5
Monday,Day,0,51,433,2.74,20.5,83.3,7.9,9.2,8.3,119.8
Sunday,Night,0,55,494,2.85,17.4,89.7,5.0,19.0,12.1,114.8
Monday,Evening,0,21,443,2.7,24.8,61.4,6.6,0.4,22.0,84.8
Thursday,Day,0,21,415,3.39,26.4,86.9,7.4,13.0,14.5,87.9
Thursday,Evening,0,44,481,4.03,22.7,77.4,1.2,7.0,27.1,97.3
Wednesday,Day,0,23,534,2.9,28.0,72.0,10.2,33.6,13.5,55.0
Thursday,Night,0,54,451,2.8,20.8,75.5,6.6,2.1,10.8,101.9
Saturday,Day,0,38,426,2.94,22.8,88.4,3.1,15.2,11.9,111.3
Saturday,Day,0,39,466,2.44,24.2,85.3,1.9,13.3,13.0,113.2
Tuesday,Day,0,50,422,3.22,23.7,76.7,8.2,1.6,14.3,108.9
Wednesday,Evening,0,26,370,3.04,31.7,66.6,5.8,5.8,5.1,77.1
Tuesday,Evening,0,39,475,2.57,24.2,67.3,6.6,11.9,10.4,85.7
Thursday,Evening,1,55,675,3.3,20.2,87.5,5.3,3.7,6.9,147.2
Friday,Evening,0,18,573,2.81,25.2,65.2,2.2,3.8,19.2,77.3
Tuesday,Day,0,24,384,2.27,28.1,76.8,6.7,16.6,0.0,73.0
Wednesday,Day,0,23,415,2.99,26.6,99.0,4.6,28.3,13.1,75.6
Sunday,Day,1,30,803,2.93,26.3,84.6,5.1,15.5,1.4,109.7
Monday,Night,0,22,394,3.33,13.0,85.4,12.3,1.8,15.0,77.3
Thursday,Day,0,24,478,3.26,8.0,67.4,7.8,0.1,9.2,102.4
Saturday,Night,0,50,448,2.74,29.7,65.7,8.0,2.5,0.0,116.7
Tuesday,Day,0,35,573,2.54,24.6,86.0,13.4,12.9,18.6,100.2
Monday,Day,1,31,746,2.8,21.9,77.2,6.4,14.2,0.0,109.3
Monday,Day,0,33,561,3.0,26.2,89.7,5.6,5.3,11.8,104.1
Sunday,Day,0,54,478,3.07,33.6,79.4,3.2,2.4,16.8,112.7
Monday,Evening,0,36,352,2.97,30.5,99.0,3.8,5.7,21.6,95.3
Tuesday,Evening,1,35,808,2.75,27.8,75.3,0.0,1.0,0.7,114.2
Monday,Day,0,53,536,3.35,16.7,81.9,7.6,9.7,8.4,135.3
Monday,Evening,0,19,392,2.43,17.5,70.1,1.4,8.9,19.6,73.9
Friday,Evening,0,36,615,4.16,8.0,89.3,7.9,2.3,20.1,115.6
Tuesday,Night,0,46,369,3.22,25.8,83.4,5.1,15.7,21.0,87.2
Friday,Night,0,37,589,2.18,28.7,69.4,5.6,7.8,29.9,86.9
Friday,Evening,0,50,620,2.9,29.1,75.8,5.1,3.4,8.4,127.2
Saturday,Night,1,51,557,3.22,26.1,94.7,9.4,10.1,14.6,122.4
Monday,Evening,0,30,490,2.61,21.1,91.5,8.8,33.0,9.6,83.5
Saturday,Evening,0,49,564,1.98,18.6,64.9,5.1,1.1,0.0,128.5
Friday,Evening,0,27,728,2.23,17.0,74.3,2.5,34.7,11.4,92.8
Tuesday,Day,0,27,394,3.1,21.0,97.2,8.0,7.7,0.0,101.7
Saturday,Evening,0,55,626,1.83,16.1,77.3,2.3,12.0,8.4,122.7
Saturday,Night,0,18,467,2.0,32.5,80.8,0.5,12.8,1.7,77.6
Tuesday,Day,0,31,347,3.1,14.2,89.3,6.7,3.5,15.1,105.5
Sunday,Night,0,41,419,2.68,20.8,65.7,8.9,5.2,6.6,88.4
Thursday,Night,0,33,430,2.42,10.4,69.6,4.0,20.5,0.0,75.2
Friday,Day,0,50,399,2.53,23.8,75.8,6.4,23.3,18.1,101.8
Sunday,Evening,0,27,485,1.99,22.0,91.0,4.0,6.4,7.8,107.4
Wednesday,Night,0,39,516,3.07,19.9,89.2,7.4,29.1,9.0,86.1
Saturday,Night,0,22,488,2.36,16.4,86.2,8.5,7.0,5.2,98.2
Wednesday,Day,0,26,419,2.51,22.0,77.6,4.4,14.5,20.0,98.2
Saturday,Day,0,24,496,2.99,18.7,90.3,2.1,3.8,13.9,89.6
Friday,Evening,1,46,660,2.66,21.2,79.5,0.8,13.8,7.7,124.4
Tuesday,Day,0,25,486,2.41,33.7,84.8,8.0,5.9,0.0,76.3
Wednesday,Day,0,43,575,1.71,23.0,88.1,1.8,39.7,29.6,108.0
Wednesday,Day,0,31,496,3.0,25.2,96.0,6.3,10.5,25.9,92.0
Monday,Day,0,39,322,2.84,19.2,78.4,7.5,26.7,22.1,79.7
Monday,Evening,0,51,382,2.52,17.3,75.4,3.7,9.1,7.1,123.7
Wednesday,Evening,0,50,466,2.23,21.9,92.0,4.7,7.9,8.5,113.6
Monday,Evening,0,18,542,2.81,37.0,92.7,8.2,8.9,14.8,65.2
Tuesday,Evening,0,47,568,3.06,20.3,73.6,2.8,31.6,5.7,86.7
Saturday,Day,0,54,679,2.85,24.2,67.9,2.5,4.9,5.1,148.0
Friday,Day,0,43,512,3.7,17.0,91.2,4.5,38.6,22.2,103.7
Saturday,Day,0,25,583,3.19,8.0,62.6,9.0,16.4,11.6,88.0
Wednesday,Day,0,43,332,2.74,17.3,62.1,10.0,30.5,4.2,74.8
Sunday,Day,0,42,516,3.21,36.3,76.3,4.9,2.5,18.7,115.6
Friday,Day,0,43,398,2.83,25.6,79.0,3.1,14.3,8.0,126.1
Monday,Day,1,34,629,2.82,31.8,69.4,8.4,21.1,0.0,97.9
Tuesday,Day,0,37,753,3.51,19.9,80.2,0.2,21.5,4.1,102.6
Friday,Evening,0,42,509,2.31,8.0,80.7,5.9,14.3,8.4,122.3
Tuesday,Evening,1,35,543,2.81,15.3,75.2,5.1,5.5,13.5,100.2
Thursday,Night,0,47,469,3.45,24.4,98.3,9.1,5.2,13.2,105.5
Sunday,Evening,0,44,406,2.97,23.4,82.3,9.4,4.9,20.6,83.5
Monday,Evening,0,29,344,2.6,21.9,89.3,2.4,10.0,10.3,88.0
Monday,Day,0,41,655,1.86,18.8,63.4,5.7,8.8,8.7,109.2
Sunday,Evening,0,46,556,1.55,27.6,63.4,3.5,5.8,20.7,124.4
Friday,Day,0,36,533,3.94,19.0,82.6,4.3,6.6,18.9,97.6
Monday,Day,0,45,418,2.97,23.8,96.5,7.1,8.0,10.5,121.3
Sunday,Day,0,22,445,2.48,23.2,67.9,4.2,0.6,14.0,90.0
Sunday,Day,0,32,622,2.99,19.8,79.4,5.8,6.0,8.7,113.6
Thursday,Day,0,44,504,2.28,16.7,65.6,8.1,4.6,3.9,120.2
Friday,Evening,0,52,187,2.62,19.4,70.8,9.7,2.3,27.4,95.0
Tuesday,Night,1,42,830,2.28,33.2,81.9,6.1,2.5,8.2,112.6
Monday,Evening,0,43,452,2.02,28.7,73.1,5.6,5.9,14.1,98.2
Friday,Evening,1,31,693,1.64,28.1,66.9,1.9,10.4,1.4,113.3
Wednesday,Evening,0,44,553,1.92,17.3,64.7,10.0,10.9,17.2,91.0
Friday,Day,0,31,544,3.36,13.4,59.1,6.7,12.2,3.6,107.3
Saturday,Evening,0,19,561,2.26,28.6,82.8,5.6,10.9,23.7,83.4
Monday,Evening,0,27,395,3.09,27.4,84.0,5.5,5.1,24.6,78.1
Friday,Day,0,41,383,3.33,22.8,83.9,6.3,2.5,16.0,107.5
Tuesday,Day,1,54,672,2.81,19.8,70.9,7.5,3.2,12.8,133.1
Sunday,Night,0,36,566,2.64,13.2,88.1,7.9,7.2,10.7,107.2
Tuesday,Evening,0,50,383,2.87,27.2,85.1,10.0,8.9,11.7,97.0
Friday,Evening,0,47,411,2.57,29.1,78.1,5.9,15.1,14.9,102.7
Thursday,Evening,0,39,571,3.46,17.9,76.4,10.5,21.7,12.6,92.2
Wednesday,Day,0,48,427,3.83,17.4,71.5,8.4,5.4,18.9,108.5
Friday,Evening,1,33,621,3.6,29.4,81.9,5.0,9.1,5.6,115.5
Saturday,Day,0,34,475,1.62,18.1,94.2,0.2,12.6,22.7,109.1
Friday,Day,0,45,494,2.56,32.7,89.4,5.5,8.0,9.0,115.7
Saturday,Evening,0,42,341,2.8,21.3,75.4,9.9,3.3,6.8,88.7
Sunday,Day,0,38,424,3.05,19.7,83.4,2.9,3.9,14.5,116.1
Wednesday,Evening,1,34,652,1.85,22.3,69.0,5.4,16.1,15.0,104.6
Thursday,Day,1,55,676,1.84,19.7,87.3,5.7,5.8,0.0,152.8
Monday,Evening,0,20,545,3.52,28.8,69.7,8.0,6.3,8.6,73.8
Saturday,Evening,1,20,845,2.49,27.3,86.9,4.0,0.5,0.0,104.7
Thursday,Evening,0,36,599,1.98,28.5,99.0,2.6,19.2,7.3,129.5
Wednesday,Evening,0,19,537,2.19,23.1,72.3,6.9,12.9,7.6,79.5
Monday,Night,0,30,396,3.01,19.3,99.0,3.0,1.7,14.1,98.2
Sunday,Evening,0,39,396,2.35,21.9,82.9,0.0,11.7,6.5,99.8
Wednesday,Evening,0,33,452,2.93,19.4,70.5,10.7,12.3,8.1,92.1
Friday,Evening,0,25,536,2.26,30.8,70.0,8.0,26.5,21.1,67.4
Tuesday,Day,0,28,543,1.84,28.0,99.0,10.9,3.6,26.4,104.5
Sunday,Day,1,40,714,3.58,21.5,84.9,7.8,11.2,5.6,129.7
Tuesday,Day,1,54,633,3.02,16.4,74.3,7.2,4.7,19.1,135.1
Tuesday,Day,0,47,540,2.62,31.2,76.0,6.3,4.5,14.7,111.4
Saturday,Day,0,38,630,2.51,22.8,82.3,4.6,23.1,0.0,97.3
Sunday,Day,0,23,559,3.61,21.2,77.9,6.7,16.2,6.5,85.9
Tuesday,Evening,0,27,442,3.13,31.3,81.5,3.5,1.8,0.0,86.5
Thursday,Day,0,34,396,3.43,18.9,95.7,2.0,1.5,14.3,100.1
Saturday,Night,0,27,384,2.48,20.1,66.7,4.2,12.0,4.5,90.7
Sunday,Day,0,44,410,2.83,20.6,84.4,9.1,6.8,12.9,119.8
Wednesday,Evening,0,31,474,3.02,14.1,77.3,1.5,3.1,30.0,82.1
Thursday,Day,0,49,524,2.5,23.9,73.0,1.6,12.2,23.2,118.2
Saturday,Evening,0,28,356,2.75,17.4,88.7,7.0,11.0,6.6,84.3
Saturday,Day,1,36,642,2.48,18.6,65.4,4.0,7.8,4.9,124.4
Saturday,Evening,0,45,513,3.02,17.8,54.3,6.7,8.5,21.1,95.9
Friday,Day,0,25,415,2.07,18.5,80.2,8.2,3.4,5.0,91.4
Monday,Night,0,46,451,3.11,17.0,76.6,6.6,11.0,18.9,106.4
Sunday,Day,0,40,446,2.97,23.5,64.5,3.3,29.6,31.2,91.9
Sunday,Evening,0,42,386,2.69,21.1,60.9,9.0,2.2,16.7,108.3
Saturday,Day,0,35,515,3.05,22.3,97.3,7.4,15.8,20.3,103.2
Monday,Evening,0,53,472,2.6,36.1,82.6,5.3,2.7,19.5,104.8
Tuesday,Evening,0,47,364,2.43,21.1,78.2,5.1,13.7,8.1,111.9
Saturday,Day,0,25,487,3.1,25.6,99.0,6.3,6.6,14.0,106.3
Monday,Day,0,39,499,3.12,26.3,88.2,4.3,13.9,5.3,113.1
Sunday,Day,0,52,403,2.52,21.6,95.7,0.3,2.3,21.0,128.6
Wednesday,Day,0,28,313,2.47,23.6,66.2,7.5,8.7,4.4,73.6
Saturday,Night,0,38,319,2.7,22.1,65.8,7.3,14.9,16.9,82.7
Sunday,Day,0,46,435,2.5,23.2,84.2,0.0,9.0,19.9,113.9
Wednesday,Day,0,28,345,3.64,18.5,82.1,6.7,12.8,8.6,81.5
Wednesday,Night,0,37,392,2.97,19.0,90.5,10.5,5.1,7.0,116.2
Friday,Day,0,39,658,2.81,22.1,61.7,1.8,13.1,10.8,126.6
Friday,Day,0,24,369,2.29,10.2,85.0,5.0,22.9,5.8,92.6
Wednesday,Evening,0,24,423,3.21,31.0,87.9,4.7,5.1,13.1,77.4
Friday,Night,0,39,658,2.46,35.0,87.4,10.2,12.7,5.6,95.7
Sunday,Evening,0,24,494,2.44,23.0,73.9,8.6,3.9,6.1,95.3
Thursday,Evening,0,54,420,3.22,26.0,83.2,2.6,24.7,15.8,117.0
Tuesday,Night,1,37,585,3.01,28.5,72.2,6.2,1.8,16.3,97.5
Wednesday,Day,1,44,691,1.42,14.1,77.1,12.1,10.6,9.9,125.3
Wednesday,Night,0,33,586,2.71,27.6,67.6,3.3,8.0,0.5,96.2
Monday,Night,0,29,360,2.87,19.4,70.4,5.2,5.1,20.2,66.2
Tuesday,Night,0,36,348,2.61,35.7,75.6,6.7,4.9,8.9,72.2
Friday,Day,0,45,369,2.89,20.9,73.1,3.4,7.4,26.4,95.3
Wednesday,Day,0,33,480,1.8,27.4,70.4,10.5,22.2,11.1,90.5
Sunday,Evening,0,28,321,1.3,20.9,65.0,3.8,9.5,13.0,87.6
Tuesday,Evening,0,23,401,2.26,35.2,97.6,1.0,1.4,9.0,100.8
Monday,Evening,0,38,349,2.96,18.9,73.0,3.6,9.5,13.7,79.8
Saturday,Night,0,43,567,1.3,29.0,81.3,7.2,17.0,35.0,88.6
Sunday,Evening,0,38,407,2.34,25.8,60.4,2.8,3.5,9.6,102.9
Tuesday,Day,1,27,683,1.74,24.4,93.6,6.1,9.1,20.9,106.0
Tuesday,Day,0,27,313,2.67,23.4,79.7,6.9,17.2,12.6,71.7
Tuesday,Day,0,32,477,3.88,18.0,73.6,1.6,10.2,20.2,101.8
Thursday,Day,1,31,541,2.68,8.0,75.6,3.5,8.3,0.0,112.3
Thursday,Day,0,25,435,2.74,28.4,86.7,6.2,5.8,25.6,82.8
Tuesday,Night,0,53,630,3.26,19.1,48.5,7.3,6.7,14.4,106.4
Monday,Evening,0,30,524,2.81,29.0,69.8,3.6,13.2,10.1,85.7
Thursday,Evening,0,27,443,2.68,24.1,76.8,5.7,14.4,18.3,84.6
Sunday,Day,0,41,779,3.31,29.2,76.7,4.3,14.2,13.0,104.0
Friday,Evening,0,48,393,3.06,26.8,99.0,7.4,4.0,4.0,114.6
Thursday,Night,0,35,541,2.96,8.0,74.6,6.8,0.3,0.0,116.0
Monday,Night,0,43,264,2.72,25.7,87.9,4.1,5.2,24.8,107.5
Tuesday,Evening,1,21,602,2.61,19.9,98.1,6.6,15.5,10.4,86.7
Wednesday,Night,0,38,297,3.3,29.0,84.7,4.0,25.8,7.7,77.6
Saturday,Evening,0,20,514,2.61,25.5,71.3,6.6,2.9,8.3,83.9
Sunday,Evening,0,23,460,3.48,25.6,65.2,6.6,12.6,22.3,69.0
Sunday,Night,0,40,401,2.22,20.4,85.5,12.3,4.3,8.6,94.5
Sunday,Day,0,25,579,3.59,16.5,94.5,4.2,21.1,16.5,102.3
Sunday,Day,0,19,421,3.06,19.4,83.5,4.8,15.3,9.7,88.2
Sunday,Day,1,24,686,2.27,11.2,92.3,3.3,10.0,3.2,141.1
Monday,Evening,0,47,513,3.08,18.5,99.0,2.1,10.6,18.3,111.0
Monday,Evening,0,40,294,2.44,13.2,86.4,3.8,19.5,19.7,80.3
Wednesday,Evening,0,32,379,2.82,13.4,67.0,7.2,1.1,7.2,107.7
Thursday,Day,0,54,480,2.53,22.7,78.5,7.4,7.1,11.7,124.0
Monday,Day,0,32,515,2.73,25.2,91.7,6.1,2.5,12.7,104.5
Saturday,Night,0,51,600,3.32,21.8,75.5,4.3,10.5,15.1,117.6
Friday,Day,0,31,479,3.09,19.0,93.1,3.7,8.8,25.8,90.2
Thursday,Night,0,18,400,2.18,16.3,77.3,2.4,10.0,9.7,78.1
Tuesday,Day,0,22,382,2.21,20.1,81.3,3.5,2.1,9.7,92.1
Tuesday,Evening,0,28,476,2.95,17.1,74.5,1.3,17.2,10.8,95.8
Tuesday,Evening,0,25,417,2.99,21.6,79.6,9.3,13.7,5.4,84.3
Saturday,Night,1,23,619,2.43,12.9,82.1,10.7,5.1,0.0,108.9
Friday,Day,0,32,491,3.68,26.2,61.9,0.0,14.5,12.9,90.2
Saturday,Night,1,55,697,3.25,18.6,75.6,6.1,0.5,15.7,146.3
Wednesday,Evening,0,25,396,2.46,24.3,65.7,6.0,2.6,12.0,84.5
Wednesday,Evening,0,26,377,2.4,27.3,73.9,5.8,7.4,11.6,75.6
Wednesday,Evening,0,55,491,2.67,24.0,70.0,3.4,5.9,5.7,116.8
Saturday,Day,0,25,223,2.62,26.8,88.1,8.3,20.3,13.8,66.8
Saturday,Evening,0,49,433,3.49,9.6,88.2,6.4,13.0,13.2,120.6
Tuesday,Day,0,41,356,3.34,19.0,83.6,8.3,23.5,15.3,80.9
Sunday,Day,1,53,769,2.82,28.6,67.3,3.0,1.7,14.3,139.8
Monday,Evening,0,39,393,3.17,25.1,77.0,1.1,5.9,14.8,92.3
Sunday,Evening,0,40,402,3.25,33.1,64.5,6.5,2.4,21.2,80.9
Monday,Day,0,26,450,2.83,32.2,76.5,2.3,10.0,16.0,77.7
Tuesday,Day,0,39,408,3.02,23.8,84.5,8.4,1.7,15.4,104.3
Saturday,Day,0,43,472,3.13,20.5,87.9,0.0,9.0,0.0,130.9
Tuesday,Day,0,55,474,3.07,16.2,82.7,3.8,3.8,19.4,125.2
Wednesday,Evening,0,21,410,2.37,19.1,90.6,3.4,14.7,9.9,68.1
Thursday,Day,0,23,434,2.43,19.6,80.6,4.2,7.4,12.6,114.7
Tuesday,Night,0,18,324,2.64,18.4,75.7,6.0,1.4,3.1,80.5
Saturday,Day,0,48,400,2.41,16.5,86.7,6.4,16.4,26.6,120.0
Saturday,Day,0,21,516,1.99,24.4,87.1,7.1,16.6,0.0,106.2
Sunday,Night,0,52,459,3.17,32.2,72.8,7.5,14.0,22.4,98.4
Wednesday,Day,1,31,514,2.99,27.6,83.8,4.7,5.0,15.0,104.1
Thursday,Day,0,28,547,2.06,20.1,75.1,11.5,11.9,0.0,107.1
Tuesday,Night,1,55,673,2.67,28.1,59.9,9.4,17.7,26.3,117.1
Tuesday,Night,0,45,513,2.7,24.1,82.4,4.3,6.8,15.6,112.4
Tuesday,Evening,0,38,473,2.9,21.8,65.1,4.8,7.1,0.0,106.8
Sunday,Day,0,51,536,2.2,21.4,81.3,4.2,8.3,9.0,123.5
Sunday,Evening,0,46,663,2.06,20.8,62.6,6.3,14.2,15.7,112.7
Saturday,Night,0,42,436,3.09,25.9,70.8,2.3,9.3,24.0,106.8
Thursday,Night,0,30,331,1.96,22.8,73.7,2.8,12.6,9.1,86.4
Thursday,Day,0,55,329,2.67,17.6,90.0,0.0,6.5,0.0,122.4
Thursday,Day,1,45,822,2.62,17.3,74.7,4.0,6.4,22.2,124.6
Thursday,Day,0,53,643,2.73,23.8,67.3,8.4,12.9,15.5,132.7
Thursday,Day,0,54,387,2.94,24.6,81.6,4.7,4.4,0.0,129.0
Monday,Evening,0,38,366,3.68,20.1,75.8,4.9,2.9,14.4,95.5
Monday,Day,0,31,424,1.92,15.2,85.9,6.0,4.2,15.1,106.9
Sunday,Day,0,53,591,3.28,29.5,67.9,2.2,6.2,9.7,127.5
Thursday,Day,0,55,353,1.42,28.2,80.1,5.3,7.8,6.2,120.4
Sunday,Evening,0,22,268,3.57,10.1,99.0,7.9,5.0,7.7,78.8
Tuesday,Day,0,42,671,1.68,30.0,75.6,6.1,5.5,9.7,129.5
Thursday,Day,0,40,505,4.14,20.7,79.9,8.1,10.4,14.5,102.9
Tuesday,Day,0,46,508,2.59,23.1,61.4,9.0,3.8,17.5,114.2
Tuesday,Night,0,55,401,3.51,28.8,69.5,7.2,13.9,0.0,104.9
Monday,Day,0,27,499,3.4,31.9,82.6,3.1,3.3,13.8,104.7
Monday,Evening,0,55,291,2.56,28.0,74.7,4.2,7.7,15.4,111.1
Sunday,Day,1,42,575,2.6,23.4,86.1,11.0,7.3,13.2,128.3
Wednesday,Day,0,21,480,2.34,13.7,82.2,6.1,20.2,9.2,87.4
Friday,Day,0,37,284,3.23,9.8,64.8,5.7,6.6,21.9,83.1
Thursday,Day,1,23,626,2.57,27.3,90.2,2.6,15.3,21.4,98.1
Wednesday,Day,0,54,435,2.35,30.1,65.6,4.9,13.0,9.4,118.3
Thursday,Evening,0,47,426,3.1,17.1,70.4,7.3,4.7,11.4,112.1
Tuesday,Evening,0,52,393,2.31,20.4,80.3,5.2,19.0,17.4,118.6
Sunday,Day,1,40,560,2.62,18.7,95.7,3.6,5.0,21.0,126.4
Saturday,Day,1,33,517,2.86,18.5,70.0,4.3,6.0,6.3,113.7
Saturday,Evening,0,34,504,2.45,28.4,79.5,8.8,11.1,4.7,96.6
Thursday,Day,0,53,446,2.53,23.3,79.6,7.2,5.5,13.9,134.3
Tuesday,Day,0,23,334,3.64,20.6,84.6,6.8,1.8,4.1,88.4
Sunday,Day,0,51,481,2.69,37.9,89.8,6.5,6.0,0.0,129.2
Wednesday,Day,0,34,442,2.6,13.4,74.0,1.7,5.9,6.3,108.2
Monday,Evening,0,40,391,2.7,25.3,88.1,6.0,3.1,14.9,101.4
Wednesday,Night,0,43,220,3.05,15.7,91.3,8.4,7.6,22.9,77.9
Saturday,Night,0,21,530,2.23,21.1,95.8,4.4,7.7,7.0,84.8
Friday,Night,0,23,338,3.03,22.9,83.0,8.1,10.5,11.1,69.4
Saturday,Day,0,24,516,2.94,27.1,79.6,6.8,2.6,13.1,95.2
Saturday,Day,1,47,613,1.82,20.4,75.3,7.7,2.7,7.5,138.9
Tuesday,Day,0,20,428,3.79,19.8,63.4,5.4,14.2,6.9,78.8
Sunday,Day,0,41,584,3.6,20.3,75.2,7.9,3.2,14.3,115.6
Thursday,Day,1,22,706,2.36,15.5,81.1,0.8,9.5,3.6,110.2
Friday,Day,0,47,607,2.18,25.8,76.9,5.3,6.4,6.6,125.1
Monday,Evening,0,55,466,2.93,23.7,84.0,7.3,4.0,10.6,124.1
Sunday,Day,1,33,693,2.02,24.6,65.5,6.1,20.0,14.3,103.0
Wednesday,Day,0,26,301,3.55,21.6,76.2,8.5,7.8,1.4,87.6
Monday,Evening,0,34,405,2.54,20.8,97.9,4.7,4.5,11.1,104.4
Thursday,Day,1,44,634,3.69,29.1,90.0,3.6,1.4,3.0,134.3
Monday,Night,0,45,526,2.35,28.1,84.2,0.3,12.3,7.2,105.3
Tuesday,Day,0,42,417,2.74,30.5,81.9,4.4,3.2,17.5,115.6
Friday,Evening,1,40,685,3.5,24.2,76.3,6.8,18.8,11.5,116.0
Wednesday,Day,0,41,491,2.62,30.1,60.5,7.5,7.2,23.7,85.9
Sunday,Evening,0,26,565,2.95,19.5,82.6,1.0,38.8,11.5,85.0
Wednesday,Day,0,25,457,3.4,20.8,53.5,8.7,5.9,18.8,74.3
Saturday,Day,0,53,589,2.49,29.2,74.7,2.3,3.1,17.6,135.5
Thursday,Evening,0,40,293,2.11,27.1,78.0,4.8,8.0,11.9,97.7
Friday,Day,0,50,347,2.0,20.3,73.5,3.5,4.4,2.8,104.7
Friday,Day,1,41,463,3.12,15.7,99.0,6.5,0.7,11.3,132.1
Thursday,Night,0,35,505,3.01,20.8,96.2,5.5,14.6,8.3,105.9
Sunday,Day,0,39,539,3.38,17.9,88.3,7.2,9.7,8.0,124.7
Wednesday,Evening,0,44,535,2.65,32.3,68.7,10.7,3.7,13.1,94.6
Tuesday,Evening,1,25,561,2.01,26.6,99.0,6.4,2.5,1.9,109.7
Friday,Day,0,35,446,1.51,17.4,84.2,3.5,2.9,5.9,112.9
Saturday,Evening,0,45,479,4.38,15.7,68.6,6.6,7.6,4.9,91.9
Monday,Day,0,21,592,3.09,17.3,78.3,11.0,28.3,10.2,72.2
Thursday,Evening,0,20,616,2.88,18.6,87.6,7.2,6.3,6.6,85.7
Sunday,Day,1,24,730,2.95,21.0,74.0,8.0,1.3,7.1,111.1
Saturday,Day,1,40,721,2.01,28.7,81.4,0.4,3.2,12.9,121.6
Sunday,Day,0,27,602,2.36,16.2,81.2,6.4,8.4,8.9,101.1
Thursday,Night,0,34,406,3.76,35.7,67.0,4.4,3.8,12.0,73.3
Friday,Evening,0,23,443,3.16,16.3,75.3,3.2,2.1,4.2,95.5
Wednesday,Night,0,27,413,2.38,13.5,67.7,5.1,6.5,6.2,104.9
Sunday,Evening,0,18,362,2.13,32.1,86.7,5.5,3.2,26.3,77.3
Wednesday,Evening,0,48,433,2.52,29.9,68.9,3.3,8.8,7.1,99.4
Saturday,Evening,0,35,384,2.63,20.9,80.9,5.8,9.0,0.0,95.3
Wednesday,Night,1,24,702,3.93,24.3,66.1,4.7,11.2,14.4,86.7
Friday,Evening,0,37,532,2.7,24.4,66.7,7.3,12.7,7.0,84.8
Saturday,Day,0,53,646,2.15,22.8,66.2,5.9,3.6,13.7,143.4
Thursday,Evening,0,49,300,2.77,14.2,75.1,6.3,14.4,11.4,103.6
Sunday,Evening,0,51,636,2.95,8.0,79.8,8.1,5.4,15.8,130.9
Wednesday,Day,0,33,321,2.1,16.9,81.6,6.9,0.9,11.3,88.7
Friday,Day,0,31,386,3.02,32.9,60.3,5.2,13.3,10.4,85.0
Wednesday,Day,0,30,411,3.46,33.1,76.3,0.0,19.8,20.0,74.3
Wednesday,Night,0,29,549,2.88,20.4,70.5,6.7,6.2,0.0,91.8
Thursday,Day,1,52,676,2.36,16.3,85.3,2.5,15.0,2.7,142.8
Monday,Night,1,23,567,2.51,23.7,77.3,4.9,6.6,6.2,79.5
Monday,Day,0,50,380,1.89,24.6,77.2,6.3,4.4,0.2,119.9
Friday,Evening,0,52,349,2.73,25.6,70.6,9.2,6.7,8.6,95.5
Friday,Day,0,50,608,2.97,8.0,95.2,10.7,7.3,8.0,131.0
Friday,Night,0,41,531,2.31,40.9,65.2,2.4,8.4,18.8,95.0
Monday,Evening,1,50,743,3.87,28.8,76.0,1.3,5.7,11.4,131.4
Wednesday,Day,1,19,688,3.24,20.8,81.1,6.2,12.8,10.5,94.7
Tuesday,Day,0,49,214,1.81,17.7,75.5,5.9,10.8,9.3,101.0
Saturday,Day,0,37,392,1.83,27.9,70.4,1.6,2.9,4.6,105.4
Sunday,Day,0,54,519,2.26,25.0,59.9,5.2,4.7,18.2,119.1
Tuesday,Evening,0,21,410,3.67,22.6,71.1,7.0,12.3,20.5,55.0
Friday,Night,1,53,582,3.29,24.8,70.4,1.5,6.5,3.5,124.9
Monday,Evening,0,39,330,3.69,21.3,94.8,2.2,3.8,23.3,86.6
Tuesday,Evening,0,21,535,2.81,24.4,99.0,3.3,6.3,7.3,96.4
Monday,Day,0,37,498,2.68,26.4,77.5,4.6,1.7,6.7,99.7
Wednesday,Night,0,19,473,2.11,24.1,64.0,7.3,17.9,15.3,55.0
Friday,Night,0,21,395,2.99,23.7,85.4,4.2,7.5,15.9,78.4
Sunday,Day,1,38,672,2.69,30.4,70.2,5.4,4.4,11.5,119.6
Tuesday,Night,0,49,293,2.67,12.4,72.5,11.9,1.6,9.6,86.0
Thursday,Day,0,22,463,3.69,17.2,71.7,2.3,24.4,20.2,68.7
Friday,Night,0,27,215,2.73,22.2,73.0,3.2,1.4,7.6,76.4
Sunday,Night,0,32,281,3.53,17.6,74.5,7.2,10.0,11.5,71.6
Friday,Evening,0,38,449,1.93,19.6,64.9,8.2,5.7,23.9,91.9
Tuesday,Day,0,18,691,4.28,29.7,71.0,6.4,6.3,2.6,85.5
Friday,Evening,0,42,309,2.59,21.1,88.2,10.6,6.9,8.8,99.0
Wednesday,Day,0,36,352,3.19,11.0,77.7,6.2,4.5,19.2,91.6
Sunday,Evening,0,54,476,3.28,19.5,79.3,0.0,7.3,15.7,126.0
Wednesday,Day,0,29,638,2.53,22.3,55.7,5.5,8.2,18.3,92.7
Friday,Evening,1,36,679,3.25,22.2,89.5,3.5,11.7,2.7,130.2
Monday,Night,0,21,477,3.28,25.3,71.1,9.4,10.8,14.2,64.0
Wednesday,Day,0,52,438,2.41,24.8,89.2,8.1,2.9,10.0,127.1
Sunday,Day,0,49,426,2.41,21.2,79.5,0.4,3.5,27.9,125.5
Friday,Evening,0,31,488,2.82,14.8,72.4,9.3,14.5,17.7,82.9
Thursday,Day,0,35,412,2.74,19.4,61.2,8.0,5.1,11.8,88.2
Sunday,Day,0,50,544,3.57,18.3,99.0,4.2,9.5,14.0,135.9
Saturday,Day,0,29,357,3.19,20.3,86.0,5.0,16.7,12.4,92.6
Wednesday,Day,0,26,555,2.76,26.1,86.6,9.4,7.7,16.9,109.2
Thursday,Evening,0,27,459,3.13,24.4,96.2,0.0,2.8,6.0,107.1
Thursday,Evening,1,44,615,1.67,26.9,82.2,6.5,2.8,21.6,129.1
Friday,Day,0,26,344,2.46,19.7,91.5,8.5,5.6,2.7,99.3
Wednesday,Evening,1,21,537,2.96,31.1,75.2,4.9,5.7,13.4,80.0
Tuesday,Day,0,24,579,3.41,26.0,85.4,7.1,2.4,6.2,88.4
Sunday,Day,1,55,635,2.91,22.7,73.7,5.5,3.3,12.3,134.6
Sunday,Evening,0,51,481,3.6,25.6,73.0,2.8,10.9,18.9,116.0
Saturday,Day,0,54,426,3.28,17.9,79.0,2.8,14.7,0.0,137.1
Sunday,Evening,0,28,452,2.53,9.3,65.3,7.3,5.2,10.8,98.6
Saturday,Night,0,34,335,2.72,18.4,81.3,3.3,0.1,1.9,98.1
Saturday,Evening,0,36,499,3.02,26.5,74.9,0.6,10.3,10.0,114.7
Saturday,Evening,0,37,525,2.55,22.5,58.1,5.6,1.2,1.9,102.5
Thursday,Day,0,19,505,3.64,21.2,73.4,3.7,1.8,13.1,77.3
Thursday,Day,0,40,389,2.19,16.9,74.5,1.6,6.2,9.0,113.9
Tuesday,Day,0,19,433,2.97,10.3,86.5,5.4,17.3,17.2,91.5
Friday,Evening,0,28,531,3.2,30.5,80.9,7.5,12.2,20.6,75.1
Wednesday,Night,1,29,585,2.63,20.8,94.5,5.3,11.2,12.1,88.8
Tuesday,Day,0,43,438,2.5,19.4,83.2,2.0,6.2,18.3,116.2
Friday,Day,0,52,681,2.76,18.0,72.5,6.6,2.2,21.7,136.8
Wednesday,Day,0,44,380,3.25,29.5,77.4,8.3,15.5,5.5,74.9
Tuesday,Evening,0,34,548,2.53,27.3,74.5,11.8,2.2,22.0,100.3
Saturday,Evening,0,37,380,2.21,16.2,82.9,9.5,9.3,11.7,89.6
Sunday,Evening,0,37,517,3.43,29.0,78.6,2.2,8.1,5.2,110.0
Tuesday,Night,0,23,487,3.02,21.1,71.7,7.8,2.0,14.1,62.5
Monday,Day,0,54,407,3.35,18.3,78.1,6.0,1.1,11.5,112.8
Wednesday,Evening,0,52,334,3.22,20.2,82.6,1.7,11.2,2.2,118.7
Saturday,Evening,0,27,303,4.0,17.3,67.9,6.1,7.2,4.3,86.5
Saturday,Day,0,22,452,3.41,14.1,81.2,11.0,15.5,23.5,78.4
Monday,Night,0,24,460,2.4,26.7,62.2,8.8,9.0,14.0,86.5
Saturday,Day,0,41,408,3.06,20.7,89.1,2.2,8.2,22.4,104.2
Monday,Evening,0,19,444,2.49,25.7,83.3,5.2,0.7,9.1,76.8
Wednesday,Evening,0,21,310,2.55,23.7,94.3,6.7,8.0,6.4,77.1
Sunday,Night,0,42,408,2.02,25.3,66.8,0.0,6.6,0.2,103.7
Tuesday,Evening,0,23,336,2.64,9.7,89.3,0.1,9.1,18.8,90.0
Tuesday,Day,1,20,638,3.1,16.8,89.4,5.7,6.6,14.9,98.2
Thursday,Night,0,18,382,2.76,25.4,76.2,5.7,6.4,9.1,71.6
Friday,Evening,0,44,367,2.2,14.4,74.2,0.0,6.1,6.5,117.5
Sunday,Evening,0,31,392,1.96,24.2,67.1,6.4,4.0,19.9,101.0
Sunday,Evening,0,28,366,3.96,13.7,64.5,8.5,11.1,10.8,72.3
Monday,Day,1,42,510,2.98,22.1,72.5,4.5,37.2,10.8,99.6
Monday,Evening,0,24,538,2.35,31.7,65.4,5.4,2.1,7.8,90.7
Saturday,Night,0,37,431,3.05,26.6,94.0,6.9,3.0,9.1,101.0
Tuesday,Day,0,36,256,4.0,10.9,63.0,6.5,11.1,15.9,80.1
Sunday,Evening,0,43,396,3.14,27.1,79.5,0.2,5.5,2.1,95.8
Friday,Night,0,41,542,1.3,32.9,82.4,2.5,4.6,12.6,111.1
Monday,Evening,0,43,363,4.26,38.8,81.6,4.0,1.1,18.7,96.8
Saturday,Night,1,26,787,1.78,24.9,84.5,2.6,3.2,11.4,109.6
Tuesday,Day,1,23,564,2.69,13.8,89.5,9.6,2.7,19.4,97.9
Thursday,Night,0,38,478,2.18,24.6,73.5,7.1,1.2,21.4,83.1
Thursday,Day,1,20,753,2.39,31.6,80.9,1.9,14.0,18.3,98.8
Thursday,Evening,0,35,498,2.96,20.9,75.1,4.6,7.7,8.2,99.7
Friday,Evening,0,41,349,1.66,28.3,91.0,8.6,34.8,11.8,95.5
Friday,Evening,1,49,570,2.75,17.0,99.0,3.3,8.3,14.4,123.6
Sunday,Night,0,42,541,3.43,24.2,66.1,7.8,2.3,8.7,98.1
Sunday,Evening,0,55,379,2.34,8.0,57.7,9.3,9.0,8.5,105.4
Thursday,Evening,0,39,548,2.04,16.3,83.7,8.8,10.5,8.1,118.1
Monday,Day,0,34,414,2.72,22.0,88.7,5.7,4.3,29.8,108.3
Saturday,Evening,0,27,503,2.61,19.8,97.6,9.0,10.2,10.1,112.5
Sunday,Evening,0,43,323,2.47,14.2,85.4,3.6,10.0,19.5,110.6
Wednesday,Day,0,48,412,2.15,19.0,92.0,12.7,3.4,5.9,127.5
Thursday,Evening,0,30,372,3.09,24.0,94.6,5.9,11.7,23.9,87.3
Thursday,Night,0,20,451,3.13,21.5,92.6,8.6,8.7,9.4,80.3
Monday,Evening,0,18,444,2.21,22.4,86.8,4.1,7.1,12.4,83.6
Friday,Evening,0,42,524,2.29,26.4,65.2,6.7,7.7,0.0,110.8
Wednesday,Day,0,43,423,2.88,19.9,77.9,6.8,2.3,19.8,125.3
Saturday,Evening,0,22,402,2.27,30.2,81.0,2.4,18.4,21.3,76.2
Saturday,Day,0,18,527,2.9,16.1,77.0,2.3,5.4,3.7,97.3
Saturday,Day,0,42,412,3.61,33.6,77.6,4.6,5.0,20.2,103.4
Wednesday,Evening,1,33,732,2.77,28.7,95.7,8.5,9.2,2.6,111.6
Wednesday,Day,0,33,459,2.13,19.9,70.4,0.0,31.3,16.4,90.6
Saturday,Day,0,27,479,3.02,20.3,86.0,4.1,12.0,10.0,97.2
Saturday,Evening,0,45,534,2.7,23.2,81.2,9.1,5.5,21.4,120.4
Thursday,Day,0,46,468,2.72,25.6,69.4,1.5,9.1,13.7,120.2
Sunday,Day,0,19,317,3.06,28.6,67.2,9.0,9.1,18.5,81.0
Tuesday,Day,0,21,364,3.18,14.0,61.0,1.8,7.1,20.7,76.5
Sunday,Evening,0,39,555,2.82,24.6,82.9,2.5,2.4,10.0,118.9
Monday,Day,1,40,643,2.77,9.3,79.4,4.8,12.3,11.8,127.7
Tuesday,Evening,0,23,285,3.93,20.9,69.7,10.8,4.7,4.2,67.2
Thursday,Evening,0,24,488,3.46,30.7,59.2,3.3,3.6,9.9,85.7
Monday,Day,0,43,402,3.26,13.5,82.3,0.0,5.1,25.5,101.1
Monday,Night,1,35,507,2.87,12.4,78.3,1.0,14.7,17.3,104.0
Monday,Day,1,22,526,2.25,23.3,72.9,8.0,4.6,4.7,111.5
Thursday,Evening,0,41,550,3.42,30.3,68.4,1.1,6.5,23.4,110.2
Saturday,Day,0,20,323,2.88,24.0,75.6,8.8,26.1,14.7,72.2
Monday,Evening,0,26,355,2.48,10.6,82.7,5.4,4.9,17.8,94.8
Friday,Day,0,45,511,2.67,11.9,74.7,5.1,6.3,15.4,115.2
Saturday,Night,0,26,615,2.27,22.6,66.1,6.1,7.0,14.9,83.7
Tuesday,Day,0,20,518,3.38,14.9,77.4,2.8,4.8,0.0,90.2
Tuesday,Evening,1,54,545,3.18,22.8,90.5,5.6,6.2,19.7,120.6
Sunday,Day,0,26,620,2.9,23.2,78.4,1.6,7.7,0.0,116.4
Saturday,Day,0,37,381,2.78,19.1,78.7,9.2,4.6,19.1,111.8
Thursday,Day,0,49,500,2.43,32.9,74.7,2.1,1.7,12.7,125.3
Saturday,Evening,0,55,536,1.63,25.5,69.1,6.5,6.8,17.8,130.7
Monday,Evening,0,48,351,2.02,29.3,68.8,2.1,20.3,13.1,99.2
Wednesday,Night,0,30,491,2.39,27.5,61.4,3.6,5.4,19.3,85.8
Saturday,Evening,0,50,441,2.31,21.1,89.8,4.1,8.5,12.1,107.5
Tuesday,Night,0,18,486,2.96,20.8,82.6,14.1,15.5,14.0,64.8
Saturday,Day,0,30,335,3.25,20.2,78.8,5.2,10.1,14.8,86.1
Thursday,Evening,0,25,487,2.73,26.1,81.0,2.7,6.9,25.2,85.0
Saturday,Evening,0,38,451,3.57,18.1,81.4,3.9,6.3,16.2,105.2
Thursday,Evening,0,51,564,2.37,32.4,70.7,0.7,3.9,2.8,119.3
Wednesday,Night,1,47,601,2.73,17.5,76.7,4.7,12.1,8.1,110.5
Tuesday,Evening,1,55,744,2.77,23.3,75.3,10.8,14.9,16.2,117.4
Tuesday,Night,0,23,468,3.4,20.6,99.0,6.2,12.1,20.8,67.6
Saturday,Evening,0,46,478,2.86,19.3,88.2,7.9,10.6,6.9,107.1
Monday,Day,0,45,530,2.87,35.0,79.7,2.5,5.1,27.7,103.8
Monday,Evening,0,35,510,1.89,19.4,91.7,4.6,3.9,13.2,101.4
Tuesday,Evening,0,21,490,2.31,20.2,90.4,5.8,9.6,14.9,91.4
Tuesday,Night,0,21,202,3.4,18.0,64.2,3.0,1.7,3.2,57.1
Saturday,Night,0,52,372,1.66,22.2,75.8,6.4,5.3,19.8,97.5
Wednesday,Day,0,29,601,3.54,21.4,77.8,7.0,8.5,8.9,95.9
Sunday,Day,0,42,356,3.07,15.3,84.1,6.8,17.1,6.8,97.4
Monday,Day,0,53,539,2.39,19.5,75.8,4.7,21.8,9.8,132.1
Friday,Evening,0,36,547,2.34,25.7,77.0,8.5,2.6,21.7,101.3
Thursday,Day,0,25,406,3.84,28.2,73.4,4.4,9.1,15.3,66.8
Wednesday,Evening,0,36,260,3.58,22.1,88.5,4.2,6.9,5.8,95.4
Sunday,Evening,0,26,401,2.73,22.4,63.6,9.5,11.0,8.3,77.0
Sunday,Night,0,24,627,2.87,19.8,73.7,1.9,6.1,21.9,89.5
Sunday,Day,0,48,393,2.44,19.0,59.6,0.1,11.5,10.3,126.2
Tuesday,Evening,1,31,550,2.87,16.5,69.7,2.6,8.4,15.9,94.0
Tuesday,Day,0,44,370,2.43,12.7,81.2,6.4,4.3,17.6,121.2
Friday,Night,1,45,750,2.76,17.8,83.4,9.1,11.5,0.0,117.3
Wednesday,Day,0,38,447,3.8,27.4,74.9,3.2,6.2,20.9,97.0
Saturday,Day,0,38,451,2.75,19.5,89.2,10.6,7.4,6.0,105.2
Friday,Day,0,24,634,2.22,19.9,91.5,5.3,3.1,9.5,105.6
Thursday,Night,0,38,485,2.05,19.8,77.3,4.9,5.6,22.8,95.5
Saturday,Day,0,46,423,2.87,29.5,80.5,2.7,16.8,22.1,92.3
Saturday,Evening,1,25,554,2.38,16.4,75.5,11.1,4.4,15.4,99.8
Monday,Evening,0,26,545,2.94,23.7,84.3,4.7,21.9,17.1,83.3
Monday,Evening,0,44,437,1.91,21.6,66.1,1.2,7.6,18.8,95.4
Friday,Day,0,55,353,3.18,22.4,96.0,12.6,8.7,22.0,119.3
Thursday,Day,0,32,306,2.22,23.5,89.4,6.4,3.7,22.9,105.2
Tuesday,Day,0,49,359,2.83,22.3,66.0,7.6,12.1,12.8,97.7
Wednesday,Day,0,24,352,2.61,26.8,70.1,10.2,1.6,6.8,74.3
Saturday,Evening,0,39,296,3.75,21.8,82.2,7.0,5.7,10.2,102.0
Saturday,Day,0,53,406,2.89,32.5,74.6,8.1,3.7,12.9,119.4
Friday,Day,0,34,413,3.87,22.3,83.4,5.4,1.9,11.6,98.4
Wednesday,Day,0,37,426,3.11,11.8,74.4,7.4,11.0,4.9,108.4
Tuesday,Evening,0,23,606,3.58,25.8,93.2,5.1,5.9,15.1,94.6
Thursday,Day,0,38,450,2.69,24.4,78.1,5.1,7.3,1.0,118.6
Wednesday,Evening,0,40,434,2.99,22.2,99.0,5.6,3.9,12.6,110.2
Friday,Day,0,55,548,3.47,20.4,84.0,4.0,12.7,13.0,130.8
Friday,Night,0,25,432,3.3,9.3,64.5,6.7,8.3,12.8,83.4
Monday,Evening,0,31,473,3.09,10.3,98.9,6.7,19.0,18.0,76.3
Monday,Day,0,42,482,2.62,31.9,89.0,7.7,4.1,17.0,119.1
Tuesday,Day,0,53,477,2.71,18.5,81.8,7.1,4.1,27.6,119.0
Sunday,Day,0,27,738,3.43,27.8,84.5,11.2,10.2,8.4,101.9
Friday,Day,0,44,587,3.54,12.4,66.1,8.4,20.4,14.0,117.2
Tuesday,Day,0,51,362,2.47,15.7,60.0,4.6,4.6,13.5,111.7
Sunday,Night,0,42,465,2.39,26.1,77.6,6.6,0.5,13.2,102.6
Thursday,Evening,0,34,380,2.3,21.4,91.8,9.4,2.2,3.1,100.9
Thursday,Day,0,26,517,3.26,25.2,82.0,2.4,16.8,3.7,81.4
Sunday,Evening,0,28,324,2.29,21.9,95.1,11.2,5.5,12.0,105.7
Monday,Day,1,19,530,3.25,20.8,93.2,2.9,23.4,1.0,91.7
Tuesday,Night,0,23,453,3.1,17.9,78.2,7.9,2.6,9.7,92.3
Friday,Day,0,34,595,2.5,14.8,89.8,5.2,10.3,7.5,114.2
Tuesday,Evening,0,23,493,3.66,30.4,93.2,5.0,10.4,9.9,83.1
Friday,Evening,0,18,561,2.0,31.4,77.2,1.3,1.7,19.9,93.7
Tuesday,Day,0,44,501,3.71,15.8,75.9,7.9,1.7,4.5,108.1
Monday,Day,0,20,471,2.98,15.4,79.4,1.3,5.7,18.1,89.9
Tuesday,Day,0,23,417,1.66,19.9,53.9,0.9,11.0,8.0,91.7
Thursday,Night,0,40,507,3.68,24.0,80.8,8.7,9.3,8.9,92.4
Tuesday,Evening,0,53,542,3.33,20.9,85.2,10.6,6.1,15.3,115.0
Monday,Evening,1,45,609,2.56,25.0,81.4,3.2,5.9,10.1,133.9
Sunday,Evening,0,19,444,2.27,21.7,81.4,8.2,0.8,5.8,98.4
Wednesday,Night,0,24,576,1.94,21.3,77.6,7.6,3.2,9.4,102.5
Wednesday,Evening,0,46,448,4.13,36.5,58.0,4.9,1.4,0.0,92.7
Monday,Evening,1,45,622,2.29,18.8,96.6,9.2,9.1,14.7,122.8
Wednesday,Evening,0,32,496,2.11,31.8,74.3,4.7,2.2,0.0,96.6
Tuesday,Day,1,54,636,2.95,30.7,73.8,6.8,16.6,18.2,128.8
Friday,Night,1,51,557,1.9,25.0,93.6,1.4,7.3,16.3,121.6
Tuesday,Day,0,46,501,2.26,10.4,87.8,1.6,3.1,23.2,121.6
Sunday,Day,0,46,471,3.35,22.2,80.7,8.7,14.8,27.3,99.7
Sunday,Night,0,47,605,3.06,18.9,85.7,6.9,2.0,18.6,113.1
Monday,Day,0,23,530,2.59,22.1,66.5,4.8,2.1,7.6,100.2
Monday,Day,0,44,398,2.81,15.6,77.2,10.9,3.0,27.2,110.8
Monday,Day,1,53,704,2.56,26.5,92.9,10.9,14.8,3.6,132.0
Friday,Evening,0,26,509,2.77,27.9,71.2,6.5,23.5,0.0,75.6
Monday,Night,0,18,534,2.38,29.0,68.0,0.8,1.4,25.0,56.1
Saturday,Day,0,31,460,2.48,19.7,78.8,4.9,42.5,16.2,76.9
Saturday,Day,0,28,528,2.46,15.6,79.0,2.7,11.2,0.0,117.9
Saturday,Evening,1,54,661,2.4,24.1,86.5,5.5,4.8,2.5,141.3
Thursday,Night,0,34,436,3.37,32.5,64.2,2.4,10.5,15.9,68.8
Sunday,Day,0,43,391,3.22,22.4,52.5,1.6,15.1,5.9,109.4
Monday,Night,1,55,645,2.29,24.7,89.2,0.0,3.2,6.9,135.2
Wednesday,Night,1,47,645,2.14,20.6,69.2,5.7,15.1,25.8,122.7
Wednesday,Day,0,46,592,2.71,19.0,71.9,0.0,6.9,27.0,143.2
Sunday,Night,0,54,429,3.99,25.9,56.2,4.2,1.3,13.0,104.0
Friday,Evening,0,44,441,2.23,21.4,88.2,7.3,11.1,10.9,118.4
Saturday,Evening,0,26,565,2.71,24.4,81.5,3.0,19.6,18.3,76.1
Tuesday,Day,0,45,390,2.85,25.0,81.1,1.9,9.6,8.1,99.2
Sunday,Night,0,30,533,2.74,24.1,81.0,5.0,2.5,0.0,94.8
Thursday,Evening,1,30,738,2.55,25.3,59.4,2.7,9.7,0.0,109.3
Thursday,Evening,0,42,574,3.44,16.9,68.1,5.8,8.5,11.5,106.3
Sunday,Night,1,29,646,3.05,16.5,75.5,2.1,10.4,18.2,100.8
Wednesday,Evening,1,18,584,3.27,21.7,72.5,4.9,1.2,12.1,79.4
Wednesday,Night,0,55,435,3.12,21.9,75.3,4.2,1.4,17.7,113.4
Friday,Night,0,39,491,3.29,18.9,80.5,5.2,4.3,18.4,94.0
Monday,Day,0,43,402,3.67,23.4,88.1,10.1,13.1,21.7,90.3
Wednesday,Day,0,48,597,3.53,27.4,63.2,5.8,11.7,13.3,102.7
Tuesday,Day,0,42,520,4.08,29.1,77.9,6.7,14.2,13.9,100.7
Monday,Night,0,41,325,3.47,30.5,85.1,3.3,10.6,11.7,82.4
Sunday,Day,0,48,654,2.43,14.1,68.8,5.9,12.4,10.2,128.6
Friday,Evening,0,29,489,3.27,15.0,76.1,4.4,8.5,1.0,82.2
Wednesday,Day,0,49,366,3.19,20.3,82.7,5.3,6.1,20.2,116.0
Wednesday,Day,0,45,391,3.86,22.5,78.1,7.1,11.4,9.3,103.9
Thursday,Evening,0,24,596,2.27,20.6,84.7,3.7,2.3,8.9,100.9
Friday,Day,0,23,673,3.11,18.7,78.9,4.0,2.9,8.2,105.5
Sunday,Night,1,51,706,2.43,20.2,76.9,3.7,2.0,2.6,144.7
Sunday,Day,1,52,780,3.08,24.9,68.3,3.7,8.0,11.4,123.8
Wednesday,Night,0,55,541,2.68,14.0,80.5,5.7,2.3,15.6,126.5
Wednesday,Day,0,21,523,3.06,36.1,79.0,4.1,0.4,7.1,79.9
Thursday,Night,0,52,461,2.02,22.1,68.1,9.7,1.7,19.3,109.2
Friday,Evening,0,50,531,3.24,28.3,83.8,13.2,19.7,9.4,100.5
Thursday,Day,0,47,545,2.91,18.5,90.7,3.5,8.1,1.3,130.5
Friday,Day,0,36,430,2.88,25.4,71.4,6.1,14.8,21.6,95.5
Thursday,Day,1,37,725,3.87,22.6,72.7,8.3,1.4,13.4,119.6
Wednesday,Evening,0,34,589,2.59,27.1,70.4,4.4,10.2,18.0,104.1
Wednesday,Night,0,19,405,2.99,20.8,61.2,2.2,2.1,18.2,65.1
Wednesday,Day,1,37,620,2.86,31.3,99.0,10.4,10.0,5.4,122.8
Monday,Day,0,27,500,2.91,13.0,73.5,7.3,14.2,8.3,95.7
Tuesday,Evening,0,25,383,4.02,27.7,69.4,6.2,11.2,19.2,62.8
Saturday,Evening,1,20,545,2.84,22.7,68.7,9.6,7.4,24.8,81.4
Wednesday,Evening,0,35,559,2.49,15.9,74.1,7.5,18.9,12.4,94.7
Tuesday,Evening,0,19,402,3.83,33.7,71.0,5.1,13.1,7.6,72.3
Friday,Evening,0,50,482,2.63,33.1,92.4,2.3,3.5,23.8,124.5
Saturday,Night,1,51,587,1.92,9.6,67.5,3.7,2.2,7.6,133.1
Tuesday,Day,0,48,586,2.39,23.1,62.6,8.8,32.9,14.3,96.7
Saturday,Day,0,29,591,2.11,26.2,83.5,7.2,3.7,9.0,117.1
Sunday,Day,0,24,452,1.81,24.7,76.9,4.6,6.4,13.9,105.1
Friday,Evening,0,37,368,2.6,31.1,75.8,10.5,2.8,5.4,93.2
Friday,Day,0,43,467,2.76,29.8,83.6,4.7,12.6,9.4,113.6
Monday,Night,0,18,464,3.45,23.6,79.4,8.2,3.1,7.6,81.3
Sunday,Evening,0,50,473,3.15,35.7,77.5,5.9,7.1,16.6,107.7
Wednesday,Evening,0,34,460,3.12,27.6,63.9,11.0,9.7,13.1,80.9
Sunday,Evening,0,49,475,2.31,19.9,61.3,7.5,4.0,18.2,115.6
Friday,Day,0,20,572,3.29,18.7,71.0,5.3,9.6,6.2,84.9
Monday,Night,0,34,406,3.57,29.5,67.2,4.7,22.2,10.5,82.2
Monday,Day,0,35,498,3.02,17.2,80.7,5.2,8.5,16.4,101.2
Friday,Evening,0,19,386,3.03,19.5,60.0,3.0,11.8,18.0,65.7
Friday,Night,1,44,878,2.1,20.6,75.5,1.1,5.1,1.9,142.2
Monday,Evening,1,53,588,3.38,24.1,78.3,6.1,4.7,14.2,112.5
Saturday,Night,0,38,484,3.78,20.8,77.6,3.6,2.0,6.3,104.3
Saturday,Day,0,33,564,2.98,14.1,82.0,3.6,7.9,18.4,106.9
Thursday,Night,0,42,391,2.47,29.0,74.7,4.9,14.9,25.0,85.2
Thursday,Evening,0,31,456,2.71,19.6,71.3,5.4,11.3,0.0,83.1
Monday,Evening,0,31,435,2.57,34.1,90.4,5.2,4.7,7.4,92.0
Saturday,Day,1,46,603,2.6,23.8,76.8,10.4,5.5,13.8,126.1
Wednesday,Day,0,40,512,3.16,29.6,92.2,7.2,22.4,12.0,102.3
Sunday,Evening,0,28,298,2.95,25.8,74.7,11.5,10.3,18.6,77.3
Wednesday,Day,1,33,817,3.35,29.9,79.8,3.9,12.8,12.6,90.2
Friday,Evening,0,49,555,3.0,25.4,76.6,7.6,14.0,8.3,109.8
Tuesday,Night,0,38,481,2.32,23.4,80.3,4.0,4.9,4.9,102.3
Tuesday,Night,0,20,255,2.52,28.6,73.8,3.5,4.4,3.7,65.7
Saturday,Day,0,50,435,2.49,36.9,79.0,11.6,4.8,6.8,114.3
Thursday,Night,1,46,742,2.7,20.4,95.3,2.9,4.3,8.0,126.3
Thursday,Day,0,28,869,3.79,26.8,88.5,0.0,19.3,14.7,87.2
Sunday,Evening,0,54,568,3.88,22.0,88.6,3.1,6.1,10.9,132.2
Sunday,Night,0,54,529,3.26,25.0,64.6,0.0,17.4,7.4,104.7
Saturday,Day,1,55,740,2.87,22.3,68.2,2.3,6.3,4.9,147.3
Tuesday,Day,0,32,384,2.05,9.1,80.2,2.6,6.6,7.1,100.9
Friday,Day,0,53,595,2.92,20.8,85.7,5.3,0.9,8.1,143.5
Sunday,Evening,0,48,350,2.37,28.0,72.8,0.0,4.5,6.8,113.6
Wednesday,Night,1,51,490,3.7,17.4,73.0,8.8,19.7,16.7,101.2
Monday,Day,0,38,334,1.92,27.5,91.9,0.0,19.1,21.6,97.6
Saturday,Day,0,28,603,3.01,23.1,84.9,4.8,4.4,3.8,107.8
Thursday,Evening,1,26,630,2.32,20.9,90.6,4.2,0.5,19.8,108.8
Friday,Day,0,54,510,2.79,27.4,73.6,7.7,2.9,16.9,130.9
Sunday,Evening,0,37,454,3.17,26.1,72.8,6.3,4.4,13.3,86.0
Friday,Night,0,53,348,3.36,24.5,87.5,8.8,4.4,22.7,97.7
Thursday,Evening,0,39,391,2.77,28.1,75.4,4.1,4.4,10.8,105.6
Wednesday,Night,0,38,366,3.22,23.2,71.9,3.8,7.2,14.8,92.5
Wednesday,Evening,0,20,316,2.44,12.1,68.9,6.4,2.6,12.9,85.9
Monday,Night,0,33,362,2.94,19.7,72.9,8.3,6.4,12.3,80.4
Saturday,Day,0,39,407,3.35,11.2,86.8,7.7,8.9,15.2,98.6
Saturday,Day,0,22,565,2.98,25.9,62.9,6.2,4.7,12.3,80.3
Wednesday,Evening,1,24,693,2.51,27.4,86.3,5.9,7.5,15.3,97.6
Wednesday,Day,0,40,347,2.65,27.7,70.9,5.1,22.0,7.3,95.4
Sunday,Night,0,27,402,3.36,24.9,75.9,6.4,11.7,7.5,74.2
Monday,Evening,0,44,611,2.2,27.8,76.5,11.3,10.5,7.3,107.0
Thursday,Night,0,35,337,2.28,12.5,75.8,4.5,5.1,9.4,96.4
Thursday,Day,0,33,516,3.13,21.4,75.1,4.1,4.3,19.1,101.7
Friday,Evening,0,22,490,2.56,13.5,73.6,3.9,6.7,8.8,85.9
Tuesday,Evening,0,33,549,2.0,19.9,72.3,6.4,10.3,16.6,90.0
Friday,Day,0,38,528,3.54,31.7,91.2,0.0,8.4,13.9,117.6
Wednesday,Evening,0,39,409,2.2,28.6,78.3,4.8,7.8,8.9,107.6
Friday,Evening,1,28,666,2.69,26.0,78.7,7.8,13.1,21.2,86.6
Monday,Night,1,19,598,2.46,20.9,73.6,3.6,9.9,17.2,81.2
Thursday,Evening,0,53,446,2.64,16.0,73.9,5.8,12.5,12.0,120.0
Thursday,Day,0,54,350,2.31,23.1,71.6,11.5,3.1,11.4,105.9
Tuesday,Evening,0,52,563,3.19,28.7,85.7,6.2,2.2,12.7,125.8
Monday,Evening,0,29,536,2.86,24.5,70.5,0.0,20.7,1.3,87.2
Tuesday,Day,1,40,546,3.34,12.5,57.5,1.0,0.4,6.2,111.7
Wednesday,Day,1,23,621,2.46,22.6,80.6,4.4,2.4,15.2,119.8
Monday,Day,0,52,434,3.97,10.5,75.2,2.8,5.1,0.9,123.6
Sunday,Day,1,18,545,1.75,26.8,74.1,5.5,17.2,6.8,94.6
Wednesday,Evening,0,35,273,1.93,17.8,87.1,4.3,2.1,9.3,92.0
Saturday,Day,1,50,626,3.76,14.7,52.7,8.7,1.0,32.3,132.2
Sunday,Evening,0,45,421,3.06,26.9,93.8,1.9,3.3,16.7,130.9
Monday,Day,0,50,318,2.99,25.4,88.5,4.6,4.6,19.7,102.1
Friday,Evening,0,36,497,3.04,23.4,71.7,5.9,7.5,6.4,96.3
Sunday,Day,1,21,765,3.11,35.2,75.5,6.2,10.6,14.5,102.6
Friday,Night,0,18,535,2.96,25.8,83.0,5.6,13.5,0.0,72.3
Thursday,Day,0,23,463,2.27,18.1,83.3,0.0,1.6,9.7,106.0
Thursday,Evening,0,20,280,3.25,25.1,71.7,5.4,0.4,15.5,55.0
Monday,Day,0,35,523,3.16,20.3,61.8,4.7,7.3,2.1,96.3
Thursday,Day,1,19,669,3.59,29.6,99.0,7.8,2.0,14.8,102.9
Sunday,Evening,0,25,495,3.77,23.7,87.6,7.4,4.1,15.3,84.4
Sunday,Night,0,33,614,2.98,24.3,79.6,5.9,5.3,7.8,99.5
Monday,Night,0,45,332,2.12,13.3,79.8,6.1,4.4,6.2,95.0
Friday,Day,0,43,227,3.77,22.4,84.2,9.3,0.8,7.0,103.9
Wednesday,Day,0,20,370,2.24,21.7,85.4,8.7,7.9,9.6,72.6
Sunday,Evening,0,52,501,2.99,15.9,57.1,6.0,26.1,9.8,115.8
Monday,Evening,0,38,438,2.66,20.7,74.5,11.6,6.4,15.6,88.1
Sunday,Day,0,31,360,2.56,24.6,73.5,3.3,29.0,8.3,88.5
Saturday,Evening,0,32,355,3.22,22.0,76.4,1.6,0.4,23.2,97.9
Monday,Evening,0,50,401,2.93,13.5,85.7,5.2,3.2,23.2,109.0
Monday,Evening,0,35,317,3.08,20.4,60.1,4.1,23.2,13.7,68.4
Saturday,Day,1,27,739,2.35,19.2,66.5,0.0,3.1,9.6,113.9
Tuesday,Day,1,34,606,2.7,23.2,73.2,3.2,8.3,8.3,110.9
Thursday,Day,0,20,415,2.38,22.5,79.5,6.2,6.5,14.2,73.7
Sunday,Evening,0,23,383,2.69,19.5,86.3,5.0,5.2,15.4,91.2
Friday,Day,1,29,705,2.73,19.3,96.3,2.9,13.6,10.6,112.0
Wednesday,Evening,0,26,454,3.81,22.4,75.1,5.3,6.7,9.2,81.4
Thursday,Evening,0,31,474,2.66,27.8,86.3,5.6,11.8,14.5,98.4
Monday,Evening,0,20,452,1.63,23.7,85.1,7.3,23.6,12.5,78.4
Sunday,Day,0,41,468,3.57,30.5,83.4,3.3,13.9,8.0,102.0
Wednesday,Day,0,22,372,3.05,28.8,77.8,7.8,2.4,12.8,86.8
Tuesday,Evening,0,26,376,2.73,31.0,74.0,1.9,33.3,7.8,70.1
Wednesday,Evening,0,55,413,2.56,30.2,67.3,3.7,10.4,6.7,106.7
Sunday,Night,1,18,806,2.28,31.4,68.7,10.3,5.6,12.0,78.1
Monday,Day,0,28,327,3.87,15.1,81.5,2.1,2.0,8.0,101.4
Sunday,Night,0,37,390,2.83,25.9,77.5,3.2,7.1,6.9,100.9
Friday,Day,0,29,509,1.84,29.3,73.8,1.4,3.4,19.3,89.3
Saturday,Day,0,30,481,2.98,30.4,84.6,2.7,1.5,9.3,97.9
Sunday,Day,0,22,577,3.46,17.4,76.0,5.6,2.2,24.9,99.4
Saturday,Evening,0,34,461,2.89,25.9,68.9,7.3,1.2,16.4,85.5
Sunday,Day,0,46,453,2.3,22.5,75.3,5.1,4.9,6.3,127.6
Monday,Day,0,40,532,2.25,33.1,86.2,4.2,6.1,20.1,126.2
Saturday,Evening,1,53,842,2.3,13.7,69.8,1.5,9.3,7.0,144.5
Thursday,Evening,0,44,589,3.64,17.4,80.1,3.0,10.1,25.8,103.1
Thursday,Day,1,48,642,2.76,11.1,79.4,0.6,4.2,13.6,143.7
Sunday,Day,0,34,470,1.88,22.9,70.4,7.4,4.7,15.8,111.4
Sunday,Evening,0,41,459,3.01,35.6,75.1,7.6,8.0,12.2,97.6
Friday,Day,0,39,514,2.88,21.7,62.3,5.1,2.3,13.9,109.9
Thursday,Day,0,48,395,2.55,22.6,79.1,6.5,11.5,10.4,105.5
Thursday,Evening,0,37,544,2.24,25.3,64.4,7.8,5.1,5.5,95.5
Wednesday,Day,0,33,490,2.21,21.3,88.7,5.5,13.0,14.4,110.6
Wednesday,Evening,0,20,446,3.4,24.2,77.1,9.4,7.4,19.2,64.4
Wednesday,Day,0,50,349,2.94,24.4,72.3,2.1,5.6,3.7,96.4
Monday,Day,1,34,641,3.06,16.9,91.6,4.2,15.8,22.8,111.9
Monday,Day,0,48,275,2.93,21.4,67.7,3.8,1.4,16.2,108.7
Saturday,Day,0,43,455,2.98,26.5,70.5,7.1,9.0,8.9,114.9
Thursday,Day,1,18,602,2.54,27.6,61.7,0.9,20.7,8.8,96.1
Sunday,Day,1,42,682,2.69,29.8,93.1,9.5,7.6,25.0,123.9
Friday,Night,0,36,634,3.44,24.0,96.7,6.9,6.4,18.6,108.7
Monday,Night,0,27,464,3.58,24.1,61.3,10.5,13.2,20.0,63.2
Tuesday,Day,0,28,603,2.13,26.5,69.8,5.1,4.2,10.2,105.0
Tuesday,Evening,0,42,506,2.69,18.4,78.7,3.5,5.3,15.9,110.1
Sunday,Evening,0,21,562,3.26,18.2,72.8,7.2,2.0,14.4,91.3
Tuesday,Night,0,41,596,3.84,21.3,77.7,8.3,3.9,10.8,97.0
Thursday,Day,0,50,405,3.78,14.3,76.8,3.1,10.9,12.8,129.5
Sunday,Day,0,21,399,2.36,24.4,82.1,0.0,5.4,19.8,73.4
Sunday,Day,1,18,719,3.5,28.3,70.4,0.0,2.9,23.2,100.3
Tuesday,Day,1,20,645,2.83,17.7,81.9,6.0,16.3,10.2,99.5
Monday,Day,0,45,476,3.37,24.6,66.8,9.8,14.7,2.8,104.0
Tuesday,Night,0,50,396,3.23,18.2,73.9,1.3,3.2,23.5,97.7
Monday,Night,0,55,353,2.1,15.9,60.6,4.4,14.6,23.6,88.1
Tuesday,Day,0,19,619,3.1,34.3,74.0,4.2,10.7,14.8,87.1
Friday,Evening,0,36,376,3.35,16.0,72.3,11.0,8.0,24.5,92.8
Sunday,Day,0,19,540,2.79,14.3,87.4,12.0,21.6,14.3,84.4
Thursday,Evening,0,32,505,2.66,23.3,77.4,6.5,8.9,5.6,101.9
Friday,Evening,0,29,330,1.94,23.6,79.2,7.9,3.5,2.8,85.8
Tuesday,Day,0,41,386,3.18,26.0,77.8,7.8,4.9,2.7,106.3
Saturday,Night,0,52,402,2.91,34.0,56.7,1.4,1.3,12.0,114.2
Friday,Night,0,48,509,2.29,17.3,58.0,7.3,10.4,8.7,101.2
Sunday,Evening,0,20,420,2.62,18.5,74.8,2.1,21.4,7.9,85.7
Sunday,Evening,0,27,447,2.88,31.7,80.8,4.7,9.0,11.3,74.3
Wednesday,Evening,1,28,492,2.49,27.6,77.7,8.6,8.0,18.0,84.4
Monday,Day,0,27,676,2.8,26.8,69.4,5.4,12.9,8.2,99.7
Tuesday,Day,0,31,472,1.84,18.5,75.6,8.5,11.4,7.0,113.1
Thursday,Evening,0,41,502,3.54,28.8,74.7,9.1,16.6,8.6,91.4
Sunday,Day,0,46,424,2.81,26.8,85.8,0.0,6.7,18.4,111.9
Wednesday,Night,0,53,363,2.2,23.1,85.2,0.0,9.7,11.5,129.5
Saturday,Day,0,44,692,1.45,18.5,72.5,8.7,6.4,14.0,126.8
Thursday,Day,0,29,293,3.37,22.6,77.5,8.8,2.0,22.9,85.4
Tuesday,Day,0,24,491,3.11,31.9,80.8,6.0,2.4,31.9,80.8
Wednesday,Night,1,32,490,2.92,15.4,84.2,6.4,3.8,16.5,100.5
Friday,Day,1,48,642,3.28,17.2,96.5,7.9,1.9,15.8,134.5
Friday,Day,0,55,439,3.27,18.2,77.7,7.8,7.8,3.7,140.5
Thursday,Day,0,32,381,2.91,19.5,89.7,4.3,13.6,14.6,104.5
Tuesday,Evening,0,24,448,2.66,21.9,66.4,8.1,4.2,12.4,92.7
Saturday,Night,0,18,221,2.57,27.8,71.6,4.2,1.0,18.2,55.6
Tuesday,Day,0,20,435,3.03,24.8,56.6,5.9,3.4,9.3,62.3
Sunday,Night,0,42,421,3.57,22.4,79.5,5.8,5.4,13.4,96.5
Tuesday,Day,0,40,336,2.74,23.7,84.5,2.6,12.9,16.2,119.5
Monday,Evening,0,42,579,3.61,25.7,52.4,3.0,7.2,25.3,92.8
Thursday,Day,0,18,419,3.01,11.9,79.9,11.9,7.2,22.9,83.5
Thursday,Evening,0,34,432,3.01,28.4,84.0,2.5,10.0,20.9,83.5
Thursday,Evening,0,24,399,4.12,17.0,83.5,6.3,14.4,17.1,67.0
Thursday,Evening,0,30,447,3.71,19.3,66.0,6.9,20.8,9.0,74.1
Sunday,Day,0,41,599,3.72,24.0,85.7,5.0,4.2,17.1,134.5
Thursday,Night,0,28,665,2.36,21.5,78.1,7.2,6.7,6.6,105.1
Thursday,Night,1,43,681,4.01,24.9,85.9,6.2,4.2,10.6,99.4
Thursday,Evening,0,28,558,2.75,22.9,76.7,2.6,9.6,24.4,95.9
Monday,Evening,1,37,778,2.67,20.3,83.8,6.8,1.0,15.8,110.7
Friday,Evening,0,35,504,1.61,31.2,89.1,3.6,24.9,13.6,89.6
Tuesday,Day,0,32,614,2.98,26.2,76.0,10.4,10.4,14.5,100.6
Friday,Night,0,22,530,2.2,23.8,80.8,6.5,9.2,11.3,92.2
Monday,Day,0,39,469,3.02,26.2,90.5,3.1,3.5,0.0,127.3
Sunday,Evening,0,55,488,2.16,17.8,76.7,6.2,4.8,3.1,134.4
Thursday,Day,0,42,302,3.79,35.0,66.7,2.4,1.9,16.3,94.9
Sunday,Day,0,46,503,3.1,15.5,84.8,6.0,3.3,5.6,138.2
Thursday,Evening,0,48,308,4.05,22.7,92.3,4.5,14.4,11.2,88.5
Monday,Evening,1,19,461,2.24,20.3,92.9,2.7,1.3,3.4,114.1
Saturday,Night,1,48,663,3.65,20.1,87.1,2.7,28.5,7.0,111.0
Friday,Night,0,27,349,1.81,19.3,54.6,12.5,16.5,12.0,63.1
Saturday,Day,0,43,509,2.91,17.4,71.6,5.5,9.1,18.5,109.2
Thursday,Day,1,55,668,2.45,29.1,74.2,3.9,3.1,19.9,129.8
Friday,Day,0,51,517,2.55,14.8,78.4,3.4,11.9,6.9,131.7
Saturday,Evening,0,33,404,2.52,27.9,94.9,6.6,11.0,14.1,97.5
Friday,Evening,0,49,565,2.3,25.9,67.2,3.3,4.1,2.0,121.1
Wednesday,Night,0,41,417,2.11,19.7,99.0,1.9,10.3,12.4,108.1
Friday,Evening,0,23,522,2.56,25.2,74.2,5.1,5.4,18.7,95.7
Friday,Day,0,27,386,2.86,21.1,70.3,5.1,0.9,11.5,106.8
Sunday,Evening,0,54,438,3.44,15.4,86.5,3.9,2.0,21.2,135.2
Wednesday,Evening,0,52,554,2.96,15.5,87.2,2.5,16.1,17.9,124.7
Thursday,Evening,0,51,547,3.44,25.9,84.5,4.0,4.7,13.7,108.5
Saturday,Day,0,32,434,1.99,25.6,70.3,3.8,3.7,10.3,107.8
Thursday,Day,0,30,423,2.56,23.5,83.0,3.4,7.8,8.3,104.1
Saturday,Day,1,48,596,3.19,19.7,69.7,6.0,0.5,1.8,140.7
Thursday,Day,1,18,593,2.99,20.9,72.0,11.9,7.1,2.9,80.6
Tuesday,Evening,0,52,312,2.33,20.0,77.1,9.2,8.2,19.0,111.3
Saturday,Day,0,40,497,3.31,11.5,69.8,11.0,11.6,22.6,113.1
Monday,Evening,0,42,495,2.51,22.4,88.5,3.5,2.5,4.4,111.5
Tuesday,Evening,0,34,370,2.37,25.1,72.2,10.2,4.1,12.5,92.0
Friday,Night,0,55,446,3.07,22.4,75.8,5.9,8.0,1.0,108.6
Saturday,Day,0,46,489,2.8,32.6,69.2,8.2,2.7,5.2,113.2
Sunday,Day,0,20,575,2.51,16.0,88.4,6.6,8.6,13.8,92.3
Tuesday,Day,0,37,407,2.49,18.0,71.3,4.2,7.7,8.4,101.0
Monday,Day,1,50,580,2.21,22.8,91.4,7.4,0.5,0.0,141.1
Sunday,Day,0,20,395,2.58,23.5,88.7,6.7,14.2,24.0,82.7
Tuesday,Evening,0,46,337,3.41,10.6,73.5,0.0,2.8,11.7,117.8
Tuesday,Day,0,27,515,2.93,25.6,78.3,4.8,7.2,4.3,105.9
Wednesday,Day,0,37,457,3.33,23.5,73.3,7.8,25.1,12.9,81.4
Thursday,Day,0,51,480,3.08,9.3,83.5,6.0,3.1,11.4,132.7
Sunday,Evening,0,36,576,2.46,21.3,76.1,6.6,10.1,15.0,96.6
Saturday,Night,0,19,592,1.89,17.1,73.8,2.9,29.6,9.6,76.1
Friday,Evening,0,18,324,2.29,19.3,78.5,6.0,11.3,14.2,70.1
Tuesday,Evening,0,45,507,2.43,14.0,62.2,4.9,16.4,18.6,95.8
Wednesday,Evening,0,53,471,2.39,24.5,77.2,4.6,2.2,2.8,129.5
Thursday,Evening,0,29,411,3.34,32.6,84.5,3.2,20.7,7.1,77.2
Tuesday,Day,0,53,496,3.33,23.6,79.4,7.9,0.9,17.9,123.6
Tuesday,Evening,0,35,281,4.02,9.0,87.5,6.2,10.7,8.1,98.9
Wednesday,Evening,0,20,589,2.38,23.7,74.2,5.9,7.0,11.4,83.1
Monday,Day,0,38,504,3.68,20.8,73.4,11.4,5.3,8.7,106.7
Thursday,Evening,0,55,373,3.68,15.4,66.8,6.6,4.5,9.1,122.7
Friday,Evening,0,27,424,2.67,24.1,73.9,8.8,11.5,8.5,89.8
Monday,Evening,0,54,273,3.06,27.3,97.7,6.0,3.5,3.2,115.9
Thursday,Day,1,42,625,3.48,18.0,82.8,4.1,4.7,15.2,118.8
Saturday,Evening,0,33,444,2.77,12.1,72.1,2.0,10.7,19.4,92.1
Saturday,Night,1,44,519,2.72,9.9,69.9,5.9,16.0,10.8,98.1
Saturday,Day,0,33,584,2.45,18.0,62.0,0.0,6.3,18.6,114.9
Thursday,Day,0,21,596,1.5,21.1,69.7,6.0,21.3,8.6,93.3
Saturday,Day,1,51,687,2.84,18.9,87.6,6.1,8.1,8.1,144.1
Tuesday,Day,0,32,436,2.41,17.9,73.7,4.5,7.5,14.9,88.3
Wednesday,Night,0,39,466,2.21,25.4,68.4,4.9,40.4,15.0,70.5
Tuesday,Evening,1,46,623,3.03,24.8,71.5,1.4,9.6,11.2,131.1
Thursday,Day,0,21,372,2.0,23.2,84.5,9.4,27.0,16.7,73.8
Wednesday,Day,0,45,408,3.24,26.9,77.2,4.2,38.0,3.0,97.1
Tuesday,Night,0,31,392,3.07,18.1,71.7,2.3,2.3,9.9,113.1
Saturday,Day,0,38,534,2.58,15.4,74.9,6.8,3.4,18.8,116.6
Wednesday,Evening,0,35,451,2.77,18.9,99.0,5.5,1.2,18.7,91.4
Tuesday,Day,0,47,485,2.15,18.5,90.2,4.1,12.1,17.9,114.0
Monday,Day,1,25,490,3.21,9.7,94.7,3.8,12.3,19.1,105.0
Thursday,Evening,0,22,518,2.9,18.7,60.5,5.2,4.2,9.4,82.6
Wednesday,Day,0,33,470,2.94,28.6,76.5,9.2,0.4,0.1,99.6
Wednesday,Evening,0,22,693,3.08,26.8,71.6,6.6,9.9,10.2,83.7
Tuesday,Day,0,27,428,2.45,25.2,83.4,5.1,1.3,16.5,90.0
Saturday,Evening,1,42,701,1.96,22.8,90.6,7.8,5.9,17.6,130.8
Sunday,Evening,0,49,724,3.33,30.7,81.3,5.3,12.7,8.3,130.4
Thursday,Evening,0,44,473,3.18,15.6,69.3,6.4,8.0,5.2,119.7
Friday,Day,1,30,674,2.51,16.2,73.4,5.7,15.9,5.9,122.2
Sunday,Evening,1,48,541,3.03,28.7,86.2,7.0,5.6,8.2,117.0
Sunday,Night,1,33,755,3.49,22.2,87.2,3.9,3.6,0.0,115.4
Friday,Day,0,24,390,3.43,18.0,79.4,1.8,3.0,8.3,89.8
Sunday,Day,0,46,516,2.49,25.3,79.3,7.9,12.4,12.3,120.1
Sunday,Night,0,37,385,1.98,19.4,78.5,9.7,6.6,11.3,94.1
Saturday,Day,0,32,492,2.08,17.0,80.7,1.9,3.4,9.7,113.7
Thursday,Evening,1,43,500,2.63,16.8,87.2,5.7,9.6,7.2,130.0
Monday,Evening,0,45,563,3.6,23.9,84.3,3.9,1.1,8.0,119.7
Monday,Day,0,26,429,2.4,23.2,78.2,7.9,7.4,8.1,91.1
Thursday,Evening,1,22,520,2.47,31.1,79.5,5.9,8.8,16.9,88.2
Thursday,Evening,1,37,754,2.46,20.3,79.1,15.2,9.8,12.0,112.0
Wednesday,Day,0,19,422,2.51,20.2,70.2,4.3,21.4,34.2,71.2
Friday,Night,1,42,667,2.79,30.6,72.1,9.8,5.3,9.7,119.0
Thursday,Day,0,34,555,2.1,27.9,83.4,10.1,8.9,15.1,92.9
Saturday,Day,0,26,555,3.4,22.9,70.9,6.8,10.1,9.8,94.6
Monday,Night,0,40,201,2.72,12.6,86.1,5.3,6.6,9.7,91.3
Tuesday,Day,1,32,711,4.16,17.1,79.5,5.5,2.0,22.9,108.4
Saturday,Night,1,32,635,2.15,15.7,88.2,5.2,13.3,19.0,114.8
Saturday,Day,0,26,479,3.67,22.2,84.4,8.6,0.4,0.0,109.4
Sunday,Evening,0,43,445,3.57,18.9,86.4,2.6,2.2,4.8,113.1
Sunday,Day,0,52,322,2.57,31.6,73.2,4.7,5.2,11.0,126.9
Sunday,Evening,0,41,473,2.58,12.6,82.1,4.4,2.2,8.4,108.5
Wednesday,Evening,1,26,500,2.29,15.0,87.4,0.0,7.4,1.4,114.0
Wednesday,Night,0,49,398,2.3,23.5,62.5,7.8,17.0,12.8,85.2
Tuesday,Night,0,22,435,2.8,25.1,95.0,8.4,27.7,0.0,64.4
Friday,Evening,0,29,582,2.81,8.0,99.0,3.3,6.7,12.9,113.0
Sunday,Evening,0,19,377,1.92,11.6,87.5,8.3,9.5,17.1,80.2
Wednesday,Evening,0,50,588,4.06,20.4,86.1,0.4,7.3,18.1,100.9
Thursday,Night,1,19,700,2.66,30.1,85.9,5.3,6.4,11.0,94.3
Wednesday,Evening,0,38,409,2.84,33.3,74.8,4.8,6.5,22.6,95.2
Tuesday,Night,0,25,315,2.46,19.5,76.9,5.5,24.2,14.3,62.1
Tuesday,Day,0,26,328,2.65,21.0,87.6,5.4,0.6,17.9,89.7
Monday,Evening,1,41,641,2.6,17.0,70.3,5.0,14.2,6.8,113.2
Sunday,Evening,1,48,565,2.8,25.8,69.4,4.0,3.1,22.7,108.1
Wednesday,Day,0,18,584,2.79,31.2,74.0,4.9,5.7,12.0,71.8
Saturday,Day,0,24,445,3.24,29.5,84.6,9.3,2.0,23.0,91.8
Friday,Night,1,28,549,2.92,21.8,71.3,3.5,1.9,21.5,100.6
Tuesday,Day,0,53,487,3.19,17.0,75.7,12.0,15.9,13.8,116.9
Tuesday,Day,0,20,400,2.79,22.0,76.9,3.3,3.8,14.8,87.0
Saturday,Day,0,24,511,2.93,30.3,67.9,5.9,7.1,10.7,93.3
Tuesday,Day,0,33,559,2.67,19.6,53.6,6.9,10.5,6.3,101.3
Sunday,Evening,1,30,646,3.35,11.1,69.7,4.3,21.3,16.2,93.3
Tuesday,Night,1,19,611,2.98,19.8,82.6,9.3,1.9,15.8,88.9
Friday,Night,0,38,474,2.71,20.3,82.9,6.8,22.4,0.7,89.8
Saturday,Evening,0,41,329,2.7,11.1,82.9,4.6,8.7,11.4,104.5
Tuesday,Evening,1,24,662,2.74,23.4,86.1,9.3,8.3,18.1,104.8
Tuesday,Day,1,44,660,2.82,25.0,73.7,2.2,5.3,22.3,137.1
Sunday,Night,0,20,515,2.77,33.2,69.6,3.5,4.6,17.1,57.2
Tuesday,Day,0,45,523,2.49,14.0,81.8,6.9,1.1,1.4,126.9
Thursday,Day,0,27,456,3.22,26.4,75.9,7.6,18.0,4.6,79.7
Thursday,Night,1,26,708,3.26,27.8,89.1,6.2,1.8,9.6,108.8
Tuesday,Night,0,25,392,3.78,25.1,81.8,4.8,4.1,21.8,61.7
Saturday,Day,0,51,533,2.47,16.0,90.8,4.4,16.0,7.8,110.5
Saturday,Evening,0,37,460,3.17,15.6,73.3,8.6,6.3,19.4,103.6
Wednesday,Evening,0,44,494,1.75,22.6,88.7,5.9,2.3,7.6,128.4
Saturday,Day,0,25,474,3.26,22.5,98.3,2.6,13.5,15.7,84.0
Tuesday,Day,0,20,622,2.0,18.6,78.5,2.4,4.6,5.4,103.7
Monday,Day,0,19,647,2.26,29.7,83.0,9.7,4.0,10.6,105.0
Friday,Evening,0,34,563,2.98,19.6,68.7,3.0,1.8,4.1,98.0
Sunday,Day,0,30,621,2.46,10.6,86.9,6.0,4.3,22.1,116.7
Monday,Evening,1,47,469,2.38,20.7,91.3,9.3,5.2,7.1,126.4
Tuesday,Day,0,47,330,2.53,24.9,73.1,6.8,10.3,1.2,96.1
Thursday,Night,0,29,399,3.2,24.1,83.9,2.9,3.4,0.6,85.3
Saturday,Evening,0,34,494,2.29,24.0,80.8,2.2,18.4,11.4,86.4
Monday,Night,0,32,391,2.77,31.0,81.9,10.8,16.3,8.8,72.2
Wednesday,Day,0,43,314,2.59,15.3,86.1,2.1,16.3,16.5,99.9
Saturday,Evening,0,41,599,3.25,19.5,83.2,3.5,8.2,10.4,118.9
Wednesday,Night,1,42,810,3.27,31.3,78.6,6.3,12.8,20.2,107.6
Tuesday,Day,1,20,767,1.79,10.2,88.3,4.5,11.9,9.3,121.7
Tuesday,Day,0,30,568,3.37,21.7,89.1,6.9,15.0,19.2,113.6
Wednesday,Day,1,54,671,2.46,29.4,74.5,0.8,16.1,5.3,137.8
Thursday,Day,0,30,395,2.93,29.3,78.0,4.6,12.3,1.5,87.5
Sunday,Day,0,24,482,2.28,26.0,60.3,7.2,12.5,6.2,81.4
Friday,Day,1,25,880,3.0,26.1,85.8,7.2,11.7,4.1,96.8
Friday,Day,0,19,467,4.2,15.8,90.2,3.5,12.5,3.3,90.0
Sunday,Evening,0,47,412,2.87,30.2,75.4,2.1,7.5,14.9,104.5
Wednesday,Day,0,18,575,2.55,14.8,79.3,5.8,4.1,10.1,99.4
Wednesday,Day,0,40,582,2.67,15.2,75.8,1.3,2.4,13.0,116.3
Sunday,Evening,1,33,554,1.99,24.3,76.2,9.1,1.8,15.7,104.7
Tuesday,Day,0,21,440,3.6,19.0,80.3,5.7,2.6,0.2,93.2
Saturday,Day,0,51,462,2.97,23.2,70.2,3.1,15.4,16.0,114.2
Saturday,Day,0,46,517,2.22,24.6,75.6,2.0,20.3,3.6,104.0
Monday,Day,1,49,740,2.24,32.7,71.0,3.3,12.1,8.0,128.1
Thursday,Evening,0,53,379,2.81,24.6,83.9,0.5,8.8,0.0,115.2
Tuesday,Day,0,52,569,3.31,18.3,80.4,6.7,1.1,16.6,138.2
Tuesday,Day,0,44,475,2.17,26.1,73.7,2.8,6.5,0.2,125.9
Thursday,Night,0,38,651,3.41,17.0,78.4,6.4,3.9,3.6,92.4
Wednesday,Night,0,44,455,2.75,27.5,75.8,6.8,3.9,4.1,108.5
Saturday,Day,0,35,501,2.29,22.4,89.4,8.1,7.9,11.1,114.0
Sunday,Day,0,24,530,2.54,24.4,73.6,6.0,12.0,10.9,80.4
Saturday,Evening,0,32,458,3.76,11.3,84.4,8.6,7.3,17.7,101.7
Tuesday,Night,0,35,249,2.04,8.5,70.9,9.4,31.3,11.3,58.8
Tuesday,Night,0,19,397,2.4,13.0,86.1,6.0,8.6,18.8,83.9
Tuesday,Day,0,50,441,3.32,32.5,88.4,6.2,0.9,14.7,113.4
Monday,Day,0,52,304,2.92,15.1,88.8,3.5,24.3,5.4,101.2
Sunday,Day,0,33,468,2.36,26.4,92.7,2.2,7.0,7.3,128.9
Wednesday,Night,0,36,229,3.33,18.1,80.9,9.0,20.3,22.6,55.2
Tuesday,Night,0,49,387,3.36,20.6,90.4,7.0,1.8,20.6,100.6
Saturday,Day,0,35,533,2.98,21.7,94.2,7.3,3.3,17.8,109.2
Wednesday,Evening,0,44,459,2.46,31.9,66.8,3.4,2.6,18.7,99.4
Monday,Day,0,37,416,2.55,25.5,72.0,10.1,15.1,15.3,94.6
Tuesday,Evening,0,28,437,2.96,24.3,63.0,4.5,17.9,14.3,74.3
Friday,Night,1,48,561,2.08,29.8,90.6,2.8,10.9,12.3,128.9
Saturday,Evening,0,25,491,3.53,18.2,62.9,3.5,9.1,23.9,82.9
Tuesday,Day,1,26,651,3.74,28.4,62.2,9.9,1.0,8.7,82.7
Sunday,Evening,0,44,369,2.67,27.4,67.0,1.9,3.7,13.7,108.3
Saturday,Day,0,44,535,3.0,27.3,60.6,2.9,4.2,0.0,119.2
Saturday,Night,0,54,490,3.45,21.1,80.7,13.9,1.4,2.0,112.1
Tuesday,Day,0,45,449,3.88,19.4,67.2,8.0,6.7,24.7,115.5
Monday,Night,0,18,640,3.66,16.8,61.1,3.0,11.1,16.3,77.7
Sunday,Day,0,50,462,1.85,17.2,77.6,2.0,13.9,10.5,134.4
Wednesday,Day,1,33,623,2.63,16.5,80.2,0.2,11.7,12.5,125.9
Friday,Day,0,18,460,3.08,24.2,59.3,5.5,5.6,2.5,74.0
Saturday,Day,1,40,598,2.53,20.6,72.9,7.4,4.5,9.0,128.3
Monday,Day,0,24,520,3.78,24.6,77.3,9.8,5.9,1.8,90.0
Saturday,Evening,0,33,425,3.7,24.9,74.4,0.0,6.5,9.9,91.2
Sunday,Day,0,35,421,2.35,15.6,74.7,1.2,2.5,16.8,102.0
Saturday,Day,0,20,459,2.71,15.5,89.8,4.8,4.7,15.2,96.6
Thursday,Day,1,50,561,2.39,20.6,99.0,13.6,4.0,23.1,135.7
Sunday,Day,1,37,489,2.69,17.3,76.9,7.9,22.2,14.1,103.5
Thursday,Night,1,54,566,2.68,16.7,66.8,6.3,14.8,0.0,119.5
Saturday,Night,1,35,728,3.32,32.2,77.7,1.5,11.0,25.7,100.6
Saturday,Day,0,40,529,2.31,12.8,79.9,0.0,3.0,6.1,128.0
Saturday,Evening,0,48,638,1.36,34.1,77.5,5.3,12.7,13.1,133.2
Wednesday,Evening,1,26,701,1.92,23.7,86.1,4.9,3.6,12.7,112.1
Monday,Night,0,52,460,2.23,27.9,99.0,4.4,12.9,13.7,112.6
Tuesday,Day,1,25,824,2.44,27.2,62.9,4.1,5.7,12.3,87.4
Thursday,Day,0,55,466,2.9,25.7,72.9,3.0,16.7,12.5,116.1
Thursday,Evening,0,42,461,2.21,32.0,93.4,2.3,1.7,2.7,113.8
Friday,Night,0,37,454,2.13,15.5,72.8,9.4,12.4,30.1,80.8
Wednesday,Evening,0,25,597,2.29,21.1,85.9,2.5,17.8,16.6,100.1
Saturday,Evening,0,39,490,2.19,16.9,84.3,4.4,6.0,12.4,115.4
Sunday,Day,0,39,413,2.5,11.8,90.4,5.1,5.7,24.9,102.0
Tuesday,Evening,0,55,501,2.47,18.0,97.1,7.3,7.2,4.5,137.9
Saturday,Night,0,49,387,3.18,33.2,81.3,2.6,10.9,18.1,88.6
Friday,Day,0,36,551,2.26,21.0,60.5,8.1,4.3,8.1,110.1
Thursday,Evening,0,32,494,2.6,33.9,71.0,3.5,3.7,14.8,88.0
Tuesday,Day,0,32,447,2.5,34.5,99.0,4.7,24.6,15.0,91.4
Saturday,Evening,1,32,724,3.24,40.0,65.9,10.1,5.4,0.0,98.2
Sunday,Evening,0,18,314,2.72,33.4,83.0,2.3,6.9,2.0,74.7
Saturday,Evening,0,19,505,3.38,36.1,52.9,7.4,4.9,23.1,64.4
Sunday,Night,0,46,386,2.17,24.0,64.5,8.2,11.6,10.2,96.3
Sunday,Day,0,27,747,2.77,23.4,86.9,6.1,4.0,26.0,120.4
Wednesday,Day,0,33,485,2.48,23.8,78.4,4.8,6.4,21.2,101.7
Friday,Day,0,44,443,2.13,22.0,74.2,11.6,15.4,10.5,104.7
Thursday,Day,0,41,344,2.76,22.9,69.9,5.2,13.9,9.8,90.6
Sunday,Day,0,31,599,3.75,26.5,58.0,5.8,5.3,23.5,95.1
Monday,Day,0,46,422,2.33,19.2,84.9,4.2,7.4,26.7,107.2
Wednesday,Day,0,24,395,2.73,13.7,75.2,5.7,3.1,10.0,100.1
Sunday,Day,0,35,507,2.08,24.2,62.8,8.1,7.4,22.8,87.1
Wednesday,Day,0,22,532,2.0,17.8,78.3,4.4,27.9,19.2,75.7
Saturday,Evening,0,38,550,2.37,18.5,83.8,0.0,13.3,20.4,100.0
Wednesday,Day,0,21,472,2.55,21.1,76.0,6.7,3.1,12.7,91.6
Sunday,Evening,0,53,470,2.58,19.8,79.2,2.0,1.4,7.3,128.4
Sunday,Night,0,43,452,2.68,28.7,78.4,7.4,3.2,4.6,109.8
Wednesday,Evening,0,27,482,1.89,21.0,70.9,5.2,2.1,2.9,89.2
Saturday,Day,0,41,550,2.46,29.0,78.5,8.0,6.4,25.4,113.8
Wednesday,Day,0,31,574,3.08,23.2,85.4,2.4,16.4,12.1,106.2
Friday,Evening,1,37,665,2.05,21.5,90.3,3.6,6.5,4.0,128.2
Friday,Evening,0,24,402,2.6,22.9,85.9,4.2,4.0,19.0,85.8
Saturday,Day,0,37,496,2.96,14.3,71.2,0.8,5.4,8.6,116.5
Monday,Day,0,22,527,2.37,24.0,84.4,8.5,10.7,7.4,83.8
Tuesday,Evening,1,23,455,2.99,27.1,84.7,0.3,8.3,26.5,78.4
Saturday,Day,0,40,341,1.96,27.9,70.9,8.5,3.2,2.7,109.2
Friday,Evening,0,37,567,3.29,13.9,73.4,6.5,13.3,13.6,97.0
Thursday,Day,1,29,799,3.0,12.9,86.8,4.6,2.6,7.9,124.7
Monday,Day,0,20,335,2.83,18.8,91.8,6.2,7.8,6.7,96.5
Wednesday,Night,0,34,435,3.42,30.3,59.9,6.2,4.8,1.8,77.2
Sunday,Day,0,53,437,2.62,23.3,94.4,4.0,6.0,12.4,128.2
Monday,Evening,0,44,410,2.46,17.4,89.6,6.1,2.8,5.9,114.0
Wednesday,Day,0,20,499,3.55,13.3,80.0,7.4,7.4,16.1,85.6
Sunday,Day,0,53,352,3.81,17.9,75.6,2.4,2.5,11.7,126.8
Monday,Night,0,34,305,2.42,17.5,81.9,6.2,4.5,9.8,88.7
Saturday,Day,0,39,481,2.74,27.6,71.6,0.0,5.7,5.9,129.2
Tuesday,Day,0,18,451,3.37,28.1,76.2,0.0,3.3,22.0,83.7
Sunday,Night,1,29,503,2.76,15.7,65.2,6.9,18.5,17.1,89.0
Saturday,Evening,0,47,565,3.13,26.5,60.6,3.9,4.5,7.2,113.9
Sunday,Evening,0,30,415,3.23,25.9,99.0,2.6,5.4,2.5,110.4
Tuesday,Day,0,24,425,2.49,14.9,78.6,5.0,7.2,0.0,94.3
Thursday,Day,0,21,502,3.03,21.5,80.0,4.0,1.8,20.0,85.7
Saturday,Evening,0,53,478,2.8,24.0,77.7,2.2,1.1,18.4,132.2
Tuesday,Day,0,48,545,2.13,23.0,69.7,0.3,5.7,19.3,123.5
Tuesday,Day,0,19,376,2.26,11.7,74.9,0.0,1.3,11.2,94.7
Monday,Evening,0,53,302,2.44,22.8,78.9,7.4,9.2,17.6,113.3
Sunday,Day,1,49,626,3.31,25.8,78.0,3.9,9.6,19.2,129.8
Saturday,Day,0,31,516,3.33,31.5,70.5,8.1,9.2,11.5,90.1
Friday,Day,0,42,382,3.21,18.0,82.8,3.9,12.6,9.5,102.4
Saturday,Day,0,27,378,3.04,18.7,79.9,6.3,5.7,5.2,102.7
Thursday,Evening,0,27,472,3.03,20.7,81.9,4.8,18.9,15.0,79.4
Thursday,Night,0,45,358,2.95,23.7,85.1,5.3,8.5,15.9,97.0
Thursday,Day,0,25,337,3.02,22.6,76.3,5.5,17.8,9.2,78.4
Friday,Day,1,31,772,3.06,25.6,78.3,3.9,12.1,10.0,111.0
Tuesday,Evening,0,31,385,2.03,15.2,92.8,1.5,5.9,10.5,112.1
Sunday,Day,1,23,764,2.37,24.4,70.6,7.5,8.5,17.5,99.4
Saturday,Evening,1,49,673,2.23,17.5,61.3,10.0,10.6,2.4,136.1
Wednesday,Night,0,43,453,3.41,21.1,83.6,10.2,1.0,4.3,101.2
Friday,Evening,1,50,640,3.71,32.2,73.7,3.5,1.8,4.4,129.2
Tuesday,Day,0,37,213,1.61,13.6,67.2,3.0,21.5,11.0,87.1
Sunday,Night,0,24,322,3.66,20.3,86.9,3.5,10.6,14.2,90.0
Sunday,Day,0,28,463,2.85,14.4,76.6,4.7,15.1,4.5,95.0
Sunday,Night,0,31,465,3.36,22.9,65.4,5.0,5.7,18.4,80.8
Wednesday,Evening,0,53,280,3.08,28.3,97.3,2.2,18.1,22.2,105.2
Tuesday,Evening,1,27,620,3.59,23.0,63.9,0.8,5.9,14.9,94.1
Tuesday,Night,0,44,313,2.92,21.3,77.1,5.3,10.5,19.9,91.9
Monday,Evening,0,22,457,2.05,30.0,59.1,0.0,19.9,5.6,82.3
Monday,Day,0,54,453,2.74,24.0,80.7,4.9,11.5,5.8,124.7
Monday,Day,0,42,526,3.08,26.9,71.6,2.4,2.7,15.6,113.8
Sunday,Evening,0,34,556,2.68,26.3,86.2,7.5,6.3,11.7,103.1
Monday,Evening,0,31,479,3.16,8.0,77.8,8.3,8.8,5.7,92.5
Monday,Day,1,31,717,2.76,21.5,93.5,8.4,11.0,22.0,111.5
Saturday,Evening,0,26,457,2.47,15.5,73.7,4.2,16.6,14.1,86.6
Friday,Evening,0,40,748,2.2,17.0,62.0,1.8,11.1,16.9,119.6
Saturday,Day,0,50,394,2.58,30.8,80.4,2.8,6.6,7.3,113.6
Friday,Day,0,27,450,2.91,19.8,75.5,6.1,5.4,23.8,99.8
Sunday,Day,1,46,741,1.72,33.4,61.8,0.3,5.7,10.9,130.6
Friday,Day,0,39,572,2.37,13.6,67.4,9.4,4.5,19.1,111.3
Thursday,Day,0,47,521,1.7,15.5,70.6,4.2,4.3,7.9,119.6
Saturday,Day,0,47,574,2.46,26.6,93.6,6.7,14.8,13.2,128.5
Thursday,Day,1,19,457,3.46,20.0,87.1,0.0,7.8,15.9,85.5
Wednesday,Day,0,18,621,2.15,23.8,74.5,2.4,4.6,26.0,94.7
Thursday,Evening,0,52,436,3.19,21.3,82.7,0.0,7.1,8.9,123.5
Tuesday,Day,0,23,583,4.37,21.1,57.6,8.3,4.9,13.4,77.5
Saturday,Night,0,39,272,3.6,20.2,72.4,4.7,1.2,16.1,72.4
Tuesday,Night,0,46,444,2.87,23.1,82.0,6.9,11.2,2.1,120.0
Tuesday,Evening,0,37,391,3.27,25.8,79.7,5.4,15.5,0.0,83.3
Tuesday,Night,0,18,474,2.05,31.7,72.6,6.6,13.6,5.0,69.4
Saturday,Night,1,18,675,1.93,20.8,79.6,4.2,13.0,18.8,85.0
Wednesday,Day,0,43,505,2.82,19.6,81.4,4.6,2.5,24.0,123.9
Friday,Evening,1,52,559,3.02,18.9,79.9,4.9,18.0,5.5,120.5
Saturday,Day,0,31,505,3.4,30.8,86.6,6.4,4.2,3.5,98.1
Monday,Evening,0,38,418,2.49,26.1,81.2,6.5,2.1,22.7,102.4
Saturday,Evening,0,53,537,2.91,10.6,83.1,13.6,0.5,8.0,120.1
Wednesday,Day,0,49,564,2.89,10.3,95.1,10.2,8.6,9.4,127.7
Tuesday,Day,0,38,479,2.73,17.0,86.3,0.0,18.3,22.2,111.9
Friday,Night,0,42,334,2.76,23.4,95.4,4.8,16.5,21.1,102.7
Sunday,Day,0,54,485,2.33,21.8,71.3,4.0,7.3,18.5,119.7
Wednesday,Day,0,48,718,2.95,25.1,62.1,9.0,14.5,0.0,110.9
Friday,Day,0,33,656,2.91,20.9,76.6,4.3,28.6,3.2,102.7
Wednesday,Evening,1,44,347,2.56,30.4,77.7,6.6,5.2,19.8,86.0
Thursday,Night,0,30,436,3.17,26.6,92.6,0.0,10.2,14.2,99.4
Friday,Evening,0,52,569,3.37,22.5,66.7,0.7,18.6,6.6,107.0
Friday,Day,0,21,483,3.17,28.9,77.2,11.5,2.2,9.6,78.0
Friday,Day,0,26,456,2.23,12.1,82.1,5.4,2.4,19.8,102.2
Monday,Day,0,31,430,2.85,21.5,79.0,2.2,20.7,22.7,87.7
Friday,Evening,0,25,532,2.3,22.8,76.3,5.9,14.8,12.0,78.2
Friday,Night,0,40,346,2.85,25.6,81.6,2.0,3.8,7.2,110.5
Friday,Evening,0,45,593,2.3,11.7,88.8,4.3,2.8,10.1,111.2
Monday,Day,0,51,450,3.5,20.4,93.4,0.8,2.4,21.4,119.2
Thursday,Evening,0,37,366,3.23,24.4,78.3,2.8,8.4,21.3,85.5
Wednesday,Day,1,41,757,3.43,24.9,71.8,4.0,3.9,13.4,113.6
Monday,Evening,0,40,288,3.38,29.1,93.3,8.6,4.0,8.3,103.5
Tuesday,Evening,0,18,392,2.65,26.6,67.2,6.6,2.5,19.6,55.6
Thursday,Evening,0,44,401,2.57,21.6,95.9,7.1,7.5,23.4,118.7
Saturday,Evening,0,18,694,3.76,26.0,91.4,5.1,2.2,1.8,94.9
Tuesday,Night,0,38,355,2.71,20.8,92.9,7.7,11.4,10.4,82.1
Saturday,Day,0,55,305,2.05,22.9,84.9,2.6,16.9,20.1,103.0
Thursday,Day,0,47,420,3.35,26.8,56.9,3.0,8.7,12.5,100.8
Saturday,Day,0,37,553,2.88,21.7,67.6,6.4,14.8,8.6,98.6
Thursday,Evening,0,30,529,3.63,24.2,81.1,4.4,6.3,13.3,94.9
Thursday,Evening,1,49,851,2.93,27.8,73.2,5.2,3.4,14.6,121.8
Friday,Evening,0,50,614,2.79,26.3,74.8,4.7,5.2,4.1,131.2
Sunday,Evening,0,31,473,3.64,29.4,84.1,9.0,1.4,12.6,91.4
Thursday,Day,0,22,390,1.95,36.0,76.3,9.1,4.2,14.6,74.9
Thursday,Evening,0,40,609,2.48,26.2,65.8,3.3,6.1,8.6,116.7
Friday,Evening,0,42,445,2.31,19.2,86.9,0.0,7.2,6.5,118.7
Saturday,Day,1,53,627,1.59,25.1,85.1,3.1,15.1,8.2,149.8
Monday,Day,0,51,415,3.28,24.8,75.5,2.5,19.1,5.2,119.7
Thursday,Day,0,26,356,2.49,25.7,85.1,7.7,8.4,18.0,81.7
Thursday,Day,0,27,431,3.3,31.0,79.0,8.0,2.7,5.1,88.9
Sunday,Evening,0,55,433,3.01,11.9,91.3,2.1,2.6,13.3,141.6
Thursday,Night,0,30,499,3.13,31.1,79.5,2.9,4.2,9.4,70.2
Thursday,Evening,1,35,598,2.55,33.1,93.2,0.8,3.6,7.1,118.2
Sunday,Day,0,29,355,2.38,25.4,59.3,5.6,8.6,21.6,80.0
Thursday,Evening,0,32,303,2.85,25.6,82.6,5.1,2.8,11.1,91.2
Tuesday,Evening,0,39,465,3.31,20.6,74.0,7.6,19.4,7.3,85.0
Tuesday,Day,0,29,472,2.77,22.0,69.4,6.7,13.4,6.6,97.6
Monday,Night,0,33,357,2.41,26.2,89.6,7.0,15.5,14.4,75.5
Monday,Day,0,31,411,2.14,25.8,86.9,0.6,4.1,17.8,100.1
Thursday,Day,0,22,512,2.91,26.3,57.9,3.3,2.8,20.9,77.0
Saturday,Day,0,47,642,2.5,25.8,85.2,8.0,3.9,10.8,140.7
Saturday,Day,0,51,436,2.76,27.4,83.9,3.6,7.6,10.4,108.4
Monday,Night,1,36,598,2.67,26.7,72.8,0.3,7.0,12.9,119.5
Friday,Day,0,25,591,2.56,15.9,69.6,7.6,18.1,13.2,100.3
Tuesday,Day,0,42,391,2.96,27.0,62.1,3.5,20.4,6.6,88.4
Sunday,Day,0,38,474,3.1,33.2,74.6,8.4,8.0,22.2,103.7
Tuesday,Day,0,38,461,3.88,21.8,76.2,5.1,1.8,12.2,105.2
Friday,Day,0,40,375,3.22,31.0,86.0,4.4,5.5,15.7,113.9
Wednesday,Day,0,45,486,3.68,16.5,80.7,9.3,37.8,15.0,98.8
Friday,Evening,0,19,483,2.35,21.8,67.4,1.3,1.9,14.8,100.2
Wednesday,Day,0,21,523,1.92,18.2,80.4,9.5,8.8,5.0,81.4
Saturday,Evening,0,21,377,2.79,30.3,75.5,3.3,3.8,12.0,80.4
Tuesday,Day,0,23,466,3.27,31.8,68.7,5.7,26.5,28.0,55.0
Sunday,Evening,1,54,766,3.19,21.4,64.1,5.7,9.5,23.1,121.4
Thursday,Night,0,45,627,3.47,29.0,84.2,3.9,3.9,13.1,129.4
Saturday,Day,0,43,632,1.4,31.9,82.5,2.9,4.8,9.4,134.7
Saturday,Day,0,44,398,3.49,21.8,83.6,4.1,0.9,0.0,127.5
Sunday,Night,0,19,473,2.98,22.8,70.7,2.2,8.7,8.5,80.3
Tuesday,Evening,0,26,399,1.95,26.4,79.7,11.1,8.9,11.5,83.2
Wednesday,Evening,0,48,477,3.2,16.9,64.2,3.8,1.9,9.8,109.7
Tuesday,Day,1,35,572,2.89,22.7,70.1,8.7,11.3,10.3,99.0
Tuesday,Day,0,37,302,3.01,34.9,78.3,8.3,20.2,16.4,73.6
Friday,Evening,0,46,447,3.35,19.0,80.6,6.3,2.4,5.0,92.9
Sunday,Night,0,20,499,3.04,27.1,61.7,4.8,11.1,13.9,67.6
Sunday,Day,0,48,502,1.99,25.1,67.4,5.8,11.3,11.2,119.4
Thursday,Evening,0,43,493,2.72,21.0,74.3,6.9,8.0,5.8,102.9
Friday,Evening,0,33,501,1.91,23.3,87.6,5.5,8.4,23.7,98.3
Saturday,Day,0,36,548,3.16,32.5,69.9,0.5,4.7,17.2,110.2
Sunday,Day,0,20,525,3.57,25.3,79.4,0.0,0.9,6.5,104.3
Tuesday,Day,0,25,439,2.12,26.3,80.5,9.7,9.3,15.6,76.3
Thursday,Day,0,27,483,2.43,31.6,75.5,0.0,13.3,2.3,88.4
Saturday,Evening,0,51,656,2.31,20.3,80.7,5.8,3.0,7.4,142.0
Wednesday,Day,0,22,483,2.55,15.7,64.6,4.5,3.9,21.3,91.4
Thursday,Day,0,29,479,3.03,32.6,71.4,5.7,3.5,14.5,99.8
Sunday,Evening,0,23,465,2.56,22.8,92.3,1.8,9.8,13.9,103.3
Sunday,Evening,0,28,434,3.16,27.4,93.0,6.3,8.8,18.9,107.0
Sunday,Evening,0,18,414,3.39,17.4,86.4,5.8,3.2,16.3,79.4
Saturday,Evening,0,28,510,3.41,24.3,89.0,13.5,6.8,10.1,101.3
Tuesday,Day,0,45,417,2.19,15.4,59.7,5.6,7.0,18.6,100.6
Wednesday,Evening,0,47,436,3.56,22.4,68.5,9.2,9.4,0.2,119.6
Thursday,Day,1,32,580,3.61,18.1,76.9,0.7,5.1,7.3,117.8
Friday,Day,1,44,690,3.65,16.7,99.0,8.3,16.0,11.3,130.5
Thursday,Day,0,41,530,2.71,20.2,74.9,5.9,9.5,15.8,117.2
Friday,Evening,0,52,460,2.39,8.2,85.4,6.0,15.8,9.7,111.6
Wednesday,Evening,0,48,259,2.26,15.0,81.8,6.1,9.3,0.0,101.2
Saturday,Day,0,26,566,2.19,26.7,81.6,10.3,10.0,0.0,101.0
Wednesday,Night,0,40,436,2.81,24.1,77.8,6.0,1.5,11.5,101.3
Wednesday,Night,0,47,331,3.27,15.6,66.0,2.8,8.8,8.7,112.9
Monday,Day,0,29,528,3.52,25.3,51.0,3.4,6.7,5.6,81.2
Tuesday,Evening,0,39,312,2.53,16.7,90.8,7.7,17.0,4.5,107.5
Saturday,Day,0,33,609,2.78,26.3,71.8,6.5,15.3,12.9,98.6
Thursday,Night,0,29,425,2.74,21.3,59.3,0.6,18.3,21.1,69.0
Tuesday,Day,0,25,249,2.45,20.0,82.4,6.7,4.0,12.9,82.2
Saturday,Day,1,19,707,3.2,21.5,84.2,2.0,7.1,21.2,100.5
Thursday,Day,0,46,436,3.0,37.4,85.7,6.5,19.5,9.4,104.9
Monday,Day,0,49,402,2.88,17.4,89.2,2.8,3.9,15.1,121.2
Wednesday,Evening,0,42,380,3.0,23.4,68.8,4.4,17.1,21.5,77.2
Tuesday,Evening,0,27,433,3.14,26.7,69.3,3.6,15.8,10.9,74.3
Friday,Day,0,18,454,3.13,16.2,74.8,9.8,6.9,12.2,81.9
Tuesday,Evening,0,42,269,2.34,12.4,86.2,6.4,23.1,9.4,83.2
Monday,Night,1,25,711,3.29,18.4,59.0,9.0,16.3,16.1,82.3
Monday,Evening,0,38,412,2.94,26.6,79.3,13.9,2.2,18.3,98.8
Friday,Evening,0,54,410,2.56,19.9,87.3,5.3,20.6,14.5,123.6
Monday,Day,0,18,348,2.93,20.6,86.9,9.7,7.0,10.4,79.3
Saturday,Day,1,39,763,2.99,27.5,87.1,3.1,9.8,1.5,115.0
Tuesday,Night,0,55,297,3.39,17.2,88.6,9.0,9.8,11.7,110.1
Friday,Evening,1,30,673,2.22,21.5,52.5,2.8,11.7,10.7,106.2
Thursday,Evening,0,48,400,3.53,12.9,94.1,5.1,19.8,13.7,102.4
Thursday,Night,0,49,380,2.81,23.9,81.3,6.8,9.7,12.8,100.7
Monday,Day,1,36,530,2.52,23.4,93.3,7.3,6.6,23.0,117.1
Saturday,Evening,0,29,431,2.5,26.8,66.3,1.4,3.1,7.1,107.1
Sunday,Day,0,43,476,2.25,15.1,60.5,2.6,4.9,1.0,118.8
Monday,Day,1,41,657,1.84,20.8,97.9,7.0,15.5,4.0,138.4
Tuesday,Evening,0,36,370,3.17,14.3,68.7,4.1,17.9,7.6,89.7
Sunday,Day,0,25,466,3.89,20.5,74.9,1.0,5.4,19.6,93.1
Thursday,Night,1,46,694,1.91,30.9,85.3,5.0,13.4,2.9,131.5
Tuesday,Day,1,26,487,2.28,20.1,87.7,4.8,4.5,3.9,102.7
Tuesday,Night,1,23,599,3.21,13.8,90.8,5.7,1.1,14.9,101.4
Friday,Evening,1,20,570,2.77,17.9,82.2,6.8,1.8,17.9,94.4
Saturday,Evening,0,34,390,3.26,12.3,67.5,6.6,16.5,1.2,78.5
Friday,Night,1,22,660,2.74,14.2,87.1,2.9,1.2,0.0,117.7
Sunday,Day,0,30,423,2.48,26.0,85.2,4.0,12.6,6.5,105.4
Thursday,Day,0,27,359,2.68,13.3,59.8,8.0,9.1,16.6,80.1
Wednesday,Day,0,35,596,1.49,23.9,92.2,3.6,17.2,13.0,112.5
Thursday,Day,0,47,562,2.17,22.2,53.1,4.0,8.4,6.8,116.5
Wednesday,Night,0,35,241,3.32,18.8,88.3,0.7,10.8,17.2,88.7
Tuesday,Evening,1,39,485,3.46,23.4,73.7,5.1,9.0,12.9,102.0
Monday,Day,0,23,511,3.57,16.4,85.1,6.2,9.9,11.2,85.9
Wednesday,Day,0,22,443,3.04,27.0,83.1,0.0,7.3,0.7,89.1
Saturday,Evening,0,55,633,1.56,17.8,77.6,2.0,11.0,6.6,141.3
Monday,Evening,0,41,494,2.45,19.7,82.5,0.9,5.9,25.7,103.4
Thursday,Day,0,18,503,3.53,19.0,77.1,7.6,14.7,9.6,79.6
Friday,Evening,0,39,383,3.69,26.1,85.1,0.0,8.3,5.3,94.9
Friday,Evening,0,18,527,3.55,25.3,99.0,5.0,13.9,9.3,74.7
Saturday,Evening,0,20,369,2.67,8.0,64.6,7.4,4.0,12.8,103.2
Saturday,Day,0,32,634,2.08,23.5,46.1,5.8,5.5,18.2,114.8
Saturday,Evening,0,42,530,2.78,11.5,73.8,3.9,1.9,16.3,119.3
Monday,Day,0,41,377,2.81,20.0,73.2,6.2,10.0,7.3,108.8
Thursday,Day,0,48,551,3.66,21.4,74.2,8.3,9.7,20.9,118.4
Friday,Evening,0,24,693,2.93,19.9,68.7,4.9,4.8,17.7,91.4
Tuesday,Evening,0,25,424,2.81,25.0,86.7,0.0,7.6,8.9,93.0
Monday,Day,0,38,507,2.84,26.3,64.2,8.6,3.0,11.1,99.0
Tuesday,Night,0,51,379,3.02,17.4,82.5,6.4,15.8,16.2,110.8
Thursday,Day,0,45,483,3.14,17.1,84.4,5.1,15.4,19.5,120.4
Wednesday,Evening,0,43,307,2.4,21.8,81.2,0.0,7.3,1.4,120.2
Tuesday,Night,0,21,420,2.22,12.7,82.9,4.3,6.3,12.5,85.2
Saturday,Evening,0,51,494,3.55,19.1,87.5,2.6,1.5,11.8,144.4
Sunday,Night,0,55,601,1.9,30.1,78.5,1.6,13.7,8.0,126.2
Tuesday,Evening,1,40,454,3.7,13.0,76.5,4.8,3.6,8.0,126.0
Sunday,Evening,0,30,428,1.75,20.0,82.9,3.6,14.5,19.4,90.8
Monday,Evening,0,43,557,2.48,18.4,84.0,3.8,1.8,15.7,110.5
Sunday,Evening,1,42,612,3.33,34.0,88.9,7.4,2.9,26.7,129.7
Sunday,Day,0,53,459,2.8,18.8,60.9,6.0,2.3,8.0,129.3
Monday,Evening,0,22,356,2.08,19.1,76.2,3.7,3.4,13.0,87.2
Saturday,Day,1,37,601,3.03,15.8,69.3,3.3,33.1,14.2,100.3
Sunday,Night,0,44,257,2.84,22.1,83.6,3.8,6.7,18.3,89.7
Sunday,Day,1,31,595,2.68,23.6,87.3,4.5,12.2,21.5,105.0
Sunday,Day,0,49,381,2.46,16.7,75.3,7.0,2.8,12.7,121.7
Thursday,Night,0,20,441,2.78,27.9,70.7,2.1,4.0,4.3,74.6
Monday,Day,0,22,380,2.48,23.6,84.0,9.6,24.9,7.0,58.0
Saturday,Day,0,48,464,4.14,27.1,76.7,7.0,6.9,13.0,123.5
Friday,Evening,1,22,617,2.67,20.0,94.3,0.0,8.5,19.9,101.1
Friday,Day,0,33,495,2.59,23.5,95.7,5.5,10.5,1.9,118.9
Wednesday,Day,0,28,420,2.5,20.7,88.0,8.3,22.7,3.8,82.4
Friday,Evening,0,44,379,3.78,30.7,80.3,6.4,16.5,17.3,89.3
Tuesday,Day,0,18,473,1.9,22.7,96.3,4.0,18.9,2.9,97.5
Saturday,Day,0,31,611,3.0,22.1,80.4,5.0,11.4,4.1,115.3
Monday,Day,0,55,467,2.67,19.3,73.2,5.7,5.9,20.0,121.5
Saturday,Day,0,32,452,2.02,18.9,71.2,7.5,9.4,10.5,104.2
Saturday,Day,1,40,678,2.35,23.4,73.0,1.0,2.6,9.9,137.4
Thursday,Day,0,55,280,2.97,26.9,77.9,3.4,0.9,21.6,114.0
Thursday,Evening,0,41,442,2.32,17.9,82.6,10.1,8.6,4.6,97.4
Wednesday,Evening,0,46,412,2.94,22.8,63.8,5.3,0.2,3.2,103.3
Sunday,Day,0,54,386,3.75,23.1,73.5,9.8,4.7,23.4,108.5
Saturday,Day,0,41,439,2.89,24.2,80.1,14.2,3.0,13.6,105.3
Wednesday,Night,0,49,386,2.0,11.8,84.4,3.7,5.9,16.8,126.8
Tuesday,Evening,0,37,539,2.33,16.5,77.7,1.6,6.3,9.8,119.1
Tuesday,Day,1,48,749,2.64,13.8,82.4,4.4,2.2,11.3,135.8
Thursday,Evening,1,42,547,2.61,22.2,67.6,8.5,10.9,7.1,121.5
Sunday,Day,1,30,606,2.88,16.6,70.9,8.9,18.1,14.2,100.1
Saturday,Night,1,39,598,2.97,19.0,79.4,12.0,2.6,17.8,113.4
Tuesday,Night,0,30,497,3.75,14.8,83.1,5.1,2.4,13.4,85.3
Saturday,Night,0,33,479,2.8,19.6,80.3,6.7,7.1,19.4,89.1
Wednesday,Day,1,29,659,2.17,15.3,71.5,3.1,1.0,16.6,125.3
Saturday,Day,1,36,741,3.43,26.5,77.6,0.0,7.2,4.7,116.8
Tuesday,Day,1,31,588,3.49,24.9,95.1,5.1,16.5,11.0,106.8
Friday,Day,0,41,630,2.93,22.9,83.4,1.7,2.4,8.9,130.1
Sunday,Day,0,32,475,2.66,20.2,76.4,7.1,21.7,17.3,83.4
Tuesday,Evening,1,36,544,3.14,9.8,69.7,0.0,5.1,15.2,99.6
Friday,Day,1,23,658,2.68,19.3,72.9,3.0,5.8,12.9,112.4
Sunday,Night,0,32,547,1.67,17.4,78.1,6.0,4.3,19.1,123.5
Tuesday,Day,1,31,605,3.11,23.5,82.8,6.3,13.2,0.0,112.4
Monday,Day,0,54,545,3.29,25.7,83.7,5.1,8.0,7.8,133.2
Friday,Night,1,34,576,3.59,23.9,83.9,10.8,5.4,8.4,91.1
Wednesday,Evening,0,18,377,2.4,29.6,74.3,9.9,3.5,13.8,78.9
Monday,Day,1,29,698,2.92,18.6,74.9,3.1,9.1,15.9,106.7
Thursday,Evening,0,45,372,2.94,18.3,98.5,10.0,19.0,12.0,110.0
Saturday,Day,0,24,588,2.85,28.2,72.4,10.5,5.8,2.8,98.4
Wednesday,Day,0,24,503,2.86,23.0,65.1,4.8,7.8,14.8,90.2
Wednesday,Evening,0,32,367,2.82,20.5,61.6,5.3,1.5,12.9,90.6
Saturday,Day,0,31,503,2.92,33.1,74.5,5.0,7.8,1.7,103.7
Thursday,Evening,1,36,583,3.21,25.5,89.4,3.3,33.4,9.9,99.0
Saturday,Day,0,19,543,3.47,20.9,72.2,3.6,2.1,14.6,98.1
Thursday,Evening,1,45,814,2.38,17.9,94.8,9.2,9.7,23.6,119.7
Sunday,Evening,0,26,420,2.71,30.0,77.9,6.5,4.5,4.4,85.8
Friday,Day,0,45,551,2.57,23.2,89.1,3.5,1.4,17.5,137.7
Monday,Day,0,39,457,2.49,22.1,70.4,2.4,5.1,4.5,112.2
Sunday,Day,0,25,477,1.91,26.1,70.6,2.9,28.3,3.1,82.8
Thursday,Evening,0,35,439,2.81,27.3,78.9,4.7,9.6,3.5,103.4
Tuesday,Evening,0,19,364,3.06,25.3,82.8,7.9,8.8,16.2,74.7
Tuesday,Evening,1,44,657,2.71,27.3,78.2,2.6,2.4,12.9,115.9
Friday,Day,0,29,473,2.8,24.7,80.9,7.9,15.5,9.8,94.8
Monday,Day,1,32,549,3.03,25.3,85.9,5.8,20.0,15.2,100.5
Wednesday,Evening,0,23,546,3.58,17.6,63.8,5.6,19.4,12.3,78.9
Monday,Day,0,31,464,2.57,32.9,74.6,8.3,14.7,12.8,85.5
Thursday,Evening,0,33,433,2.16,14.6,72.8,7.7,3.2,9.9,101.6
Wednesday,Day,0,26,597,2.75,23.9,73.3,1.0,2.5,4.8,92.0
Thursday,Day,0,55,301,3.84,14.0,82.1,1.9,0.8,23.8,113.8
Tuesday,Evening,0,28,566,2.16,21.4,73.0,4.5,2.8,21.8,101.8
Monday,Evening,0,24,351,3.16,18.6,57.9,6.3,9.3,23.1,85.1
Friday,Evening,0,38,500,3.44,22.8,75.6,9.3,2.8,8.2,102.3
Wednesday,Day,0,30,414,1.5,24.1,67.4,5.4,16.0,7.2,84.9
Friday,Night,0,35,367,3.03,16.3,83.0,10.3,17.9,9.1,81.5
Monday,Night,0,45,535,3.13,21.8,86.1,3.1,17.2,19.5,96.4
Monday,Night,1,20,766,2.65,30.4,58.3,3.6,1.1,12.0,94.1
Tuesday,Evening,0,37,424,2.44,14.1,70.3,4.3,8.8,8.2,100.7
Thursday,Evening,0,18,487,2.48,16.9,81.5,2.7,8.0,14.5,92.7
Wednesday,Evening,0,19,455,2.62,27.2,63.9,8.7,16.8,6.8,63.3
Saturday,Day,0,21,674,2.63,22.5,85.8,0.0,1.5,2.5,122.4
Wednesday,Day,0,24,269,2.53,22.9,88.5,3.7,7.9,12.9,72.2
Thursday,Evening,1,31,671,2.61,28.1,78.4,8.6,1.4,8.4,107.9
Friday,Day,0,53,431,3.45,17.2,70.3,4.3,15.1,11.9,117.8
Monday,Day,0,52,231,2.13,18.9,54.9,8.4,0.3,0.0,107.5
Thursday,Night,0,21,396,1.84,18.1,86.1,11.8,27.9,5.8,67.4
Wednesday,Day,0,55,646,3.46,19.9,98.0,5.4,11.1,11.7,141.4
Thursday,Evening,0,42,393,2.69,30.0,96.0,8.7,7.0,1.4,113.7
Monday,Evening,0,39,510,2.59,11.8,76.1,12.5,4.0,1.6,112.6
Saturday,Day,1,48,804,2.74,14.8,69.1,6.4,17.4,12.3,130.6
Sunday,Night,0,36,429,2.92,13.8,86.4,5.1,1.5,16.9,109.6
Monday,Day,0,28,466,2.51,30.4,76.7,7.9,0.3,5.8,85.4
Friday,Night,0,38,292,3.08,18.3,82.8,8.8,10.6,10.2,78.5
Saturday,Evening,1,45,602,2.27,20.0,83.0,5.1,6.6,10.3,119.5
Wednesday,Day,0,43,556,2.63,12.3,78.9,3.7,9.3,1.1,129.2
Saturday,Day,0,24,516,1.58,20.4,88.3,10.4,8.3,20.3,100.7
Friday,Day,1,53,715,3.44,27.2,90.7,4.4,11.8,10.7,146.6
Sunday,Day,0,28,488,2.7,23.5,72.8,8.8,7.1,10.8,96.6
Sunday,Day,1,49,863,3.17,21.4,70.8,6.0,5.1,14.6,127.5
Monday,Night,0,29,369,3.06,12.6,53.0,10.7,7.3,1.1,73.3
Thursday,Day,0,20,628,3.1,20.0,74.5,2.7,13.2,18.4,75.0
Thursday,Night,1,55,623,2.8,22.9,69.1,2.6,14.0,19.4,117.7
Tuesday,Day,0,40,626,3.01,16.0,82.2,7.8,9.6,13.0,98.8
Wednesday,Night,0,26,309,2.27,25.9,74.6,1.8,0.5,15.2,81.3
Sunday,Day,0,18,493,2.16,27.3,75.7,5.5,8.8,9.7,84.3
Monday,Day,0,22,418,2.74,18.8,86.1,9.8,1.2,18.0,86.6
Thursday,Evening,1,24,648,2.43,26.4,84.0,0.0,14.5,6.2,96.0
Saturday,Day,0,53,626,3.58,21.3,76.8,6.4,13.1,11.8,122.2
Wednesday,Night,1,24,641,3.01,28.9,96.9,8.8,3.1,12.2,102.1
Thursday,Day,0,24,591,2.41,34.2,85.4,5.1,11.5,11.7,82.8
Sunday,Evening,0,49,391,2.65,15.4,73.8,2.4,7.7,19.5,117.9
Thursday,Evening,0,51,377,2.87,26.6,74.3,4.4,3.7,27.3,99.6
Monday,Evening,0,25,437,2.76,29.8,85.9,2.7,11.3,11.2,71.6
Monday,Day,1,42,631,2.95,16.2,82.0,5.4,21.1,15.3,127.0
Sunday,Day,0,38,457,2.84,18.5,66.8,4.4,4.9,6.4,119.4
Tuesday,Day,0,39,374,2.04,18.5,86.9,3.7,9.7,19.2,103.6
Thursday,Day,0,29,589,1.62,21.2,90.6,6.6,2.8,8.4,110.8
Monday,Day,0,46,421,2.59,19.9,89.8,9.9,4.0,34.0,108.4
Thursday,Night,1,51,745,3.11,20.8,95.4,6.2,7.3,0.3,128.0
Sunday,Evening,0,45,456,2.6,27.0,98.7,9.2,3.5,27.0,107.7
Thursday,Evening,0,52,517,3.48,10.6,95.3,9.9,3.3,18.9,128.3
Sunday,Day,0,22,528,2.77,16.2,81.4,3.4,2.4,4.1,120.3
Tuesday,Day,0,42,387,3.55,26.0,75.9,6.0,17.8,28.2,86.0
Thursday,Evening,1,55,670,3.43,25.3,61.7,3.9,13.4,5.5,131.9
Saturday,Day,0,38,693,3.38,15.6,78.1,0.8,7.2,9.8,126.7
Thursday,Day,0,53,499,2.14,25.4,83.2,6.3,14.2,2.9,113.3
Tuesday,Evening,0,31,531,2.81,30.0,78.4,2.0,15.0,11.0,91.3
Saturday,Evening,0,52,556,3.47,21.7,59.1,6.7,6.2,11.6,113.7
Wednesday,Night,1,53,634,2.95,16.0,77.1,0.5,2.7,17.8,144.6
Thursday,Day,0,41,493,3.1,27.2,84.5,5.7,9.8,29.1,114.1
Sunday,Evening,0,44,507,2.04,32.3,67.7,0.5,17.9,8.4,109.3
Tuesday,Day,0,37,538,3.86,16.7,79.7,7.2,12.6,0.0,115.1
Wednesday,Day,1,30,522,2.36,22.2,84.3,4.0,20.4,16.5,98.8
Monday,Evening,1,38,638,1.7,28.5,91.2,3.7,14.9,8.1,127.7
Wednesday,Day,0,54,453,2.61,22.7,95.1,8.6,30.1,24.7,110.6
Tuesday,Evening,0,18,408,1.45,11.5,74.2,4.2,10.3,11.8,90.4
Friday,Day,0,25,623,2.2,24.7,79.8,5.5,5.7,6.7,113.0
Tuesday,Day,0,36,395,4.21,16.1,80.2,4.6,13.3,4.9,101.7
Friday,Night,0,30,322,2.59,14.4,84.5,6.7,18.5,16.4,70.3
Tuesday,Day,0,41,541,2.01,11.6,83.4,8.3,8.9,10.1,116.9
Wednesday,Evening,1,31,495,2.81,29.1,94.3,7.7,15.1,22.3,97.7
Wednesday,Day,0,43,287,2.31,17.0,54.7,3.8,5.1,10.5,106.8
Saturday,Night,0,22,551,3.28,24.0,82.2,8.8,14.8,21.9,74.6
Thursday,Day,0,30,490,2.31,25.5,82.9,2.5,39.9,2.3,83.2
Wednesday,Day,0,44,515,2.95,23.0,75.6,3.0,5.2,0.0,121.9
Saturday,Evening,0,35,448,2.17,23.8,55.4,4.8,9.3,17.8,88.0
Friday,Day,0,45,368,4.23,24.3,77.4,8.3,12.0,8.7,95.1
Tuesday,Day,1,42,532,3.08,22.8,72.9,1.7,6.9,10.2,133.8
Sunday,Night,0,30,404,2.72,17.4,94.8,7.9,5.5,4.9,92.4
Wednesday,Evening,1,34,509,2.64,16.9,83.8,5.0,7.9,4.4,114.1
Monday,Evening,0,54,464,2.5,21.4,70.0,3.9,16.7,16.4,112.8
Thursday,Evening,0,54,411,2.38,21.2,57.5,8.5,1.6,11.9,102.1
Monday,Night,0,19,428,2.37,24.6,83.9,2.8,3.4,4.6,72.2
Tuesday,Night,1,44,615,3.72,28.6,87.0,12.1,6.7,17.5,104.8
Saturday,Evening,0,36,527,2.5,24.1,75.8,4.7,15.4,20.2,82.9
Monday,Day,0,18,502,1.63,17.1,84.0,5.6,7.9,11.2,107.2
Saturday,Day,0,42,477,2.16,8.9,74.5,9.8,4.4,19.0,114.0
Sunday,Evening,0,18,472,3.31,17.4,88.7,5.7,21.9,5.0,74.6
Friday,Night,0,30,477,2.66,13.9,87.9,8.8,9.1,16.0,98.9
Saturday,Evening,0,44,259,2.73,17.6,61.6,0.0,5.4,13.1,99.6
Saturday,Day,0,48,571,3.44,23.5,64.0,3.9,11.9,6.5,122.6
Sunday,Day,1,33,669,2.37,22.5,99.0,6.4,11.5,26.4,115.1
Wednesday,Evening,0,48,504,3.15,33.1,87.3,8.4,9.3,13.6,107.9
Tuesday,Night,0,49,298,2.43,24.9,65.4,7.5,4.1,7.9,103.4
Thursday,Day,0,35,445,3.12,33.5,62.3,7.2,15.2,12.1,76.2
Thursday,Evening,0,24,351,2.58,26.3,80.1,8.4,24.6,5.9,70.8
Tuesday,Evening,1,43,696,2.67,28.5,68.6,6.6,10.5,3.9,96.7
Friday,Night,0,18,322,3.25,19.8,74.8,0.0,1.9,8.9,81.2
Monday,Day,0,51,367,3.21,15.6,77.5,9.5,33.3,9.3,93.2
Sunday,Night,1,32,661,2.71,19.3,79.1,2.7,11.8,6.4,109.0
Tuesday,Evening,0,46,385,2.54,21.9,89.3,6.1,3.0,20.8,109.6
Monday,Evening,0,45,347,3.68,18.2,96.3,5.7,14.6,6.6,96.8
Monday,Day,0,35,541,3.12,16.0,73.2,5.3,18.0,5.5,93.4
Tuesday,Evening,0,54,535,2.58,24.5,66.7,1.9,8.1,3.7,127.4
Tuesday,Evening,0,48,514,2.44,16.0,81.9,0.0,1.3,3.0,135.7
Monday,Day,0,51,536,3.36,12.8,94.3,2.2,9.7,19.2,124.9
Tuesday,Day,0,21,443,2.86,15.3,74.0,7.7,2.9,13.8,90.3
Tuesday,Evening,0,36,426,2.71,20.6,86.5,0.9,12.1,16.8,104.1
Wednesday,Evening,1,54,568,2.86,16.1,71.6,2.6,4.3,19.1,128.4
Wednesday,Day,0,48,486,2.99,20.6,78.2,6.5,11.1,9.7,106.1
Wednesday,Day,0,35,420,2.77,25.6,66.4,2.1,5.6,22.3,94.5
Wednesday,Day,0,20,429,3.46,25.4,78.1,3.6,10.0,7.6,83.0
Monday,Night,0,28,467,3.49,18.0,76.8,5.4,14.9,4.3,79.9
Monday,Night,0,39,523,3.09,14.2,84.1,6.0,15.2,14.6,93.8
Tuesday,Day,0,42,503,3.56,18.5,95.8,2.1,3.8,13.0,125.9
Saturday,Day,1,53,860,2.8,25.9,76.1,5.6,6.2,13.0,148.0
Sunday,Day,0,21,408,3.18,27.3,58.0,6.4,6.4,19.1,66.5
Sunday,Evening,1,33,460,3.35,24.1,78.0,1.4,9.5,12.7,98.7
Thursday,Night,0,28,498,3.36,29.2,81.0,5.8,18.9,14.2,94.3
Thursday,Evening,0,54,382,3.3,32.4,80.0,3.1,7.1,21.5,110.5
Wednesday,Day,0,24,444,3.15,19.1,76.4,5.6,11.2,13.9,75.1
Saturday,Day,0,26,342,3.88,30.9,92.9,7.4,6.8,15.5,79.8
Saturday,Day,0,29,425,2.5,20.4,79.4,4.7,4.3,2.1,98.3
Saturday,Night,0,22,322,2.71,28.1,77.0,7.9,1.7,35.0,67.1
Sunday,Evening,0,42,414,2.68,26.3,70.2,7.6,5.3,0.9,106.3
Thursday,Evening,0,37,418,2.6,10.1,60.5,7.9,2.5,8.2,93.4
Saturday,Day,0,39,519,1.71,16.2,81.3,6.4,2.6,8.0,138.1
Saturday,Night,0,52,583,3.56,14.7,80.5,8.5,10.2,26.8,114.1
Wednesday,Day,0,34,534,2.24,11.3,67.4,6.4,11.1,7.8,102.3
Sunday,Night,0,29,276,2.89,27.3,77.6,0.2,15.7,15.1,64.4
Monday,Night,0,32,468,2.02,34.4,76.6,2.8,1.0,8.1,87.0
Sunday,Evening,0,48,466,3.14,20.5,71.8,4.6,13.9,4.7,101.7
Saturday,Night,1,38,636,2.37,27.1,72.1,4.9,0.3,16.0,112.1
Monday,Day,0,24,453,2.18,30.9,82.1,6.3,4.3,7.0,85.3
Friday,Evening,0,44,499,2.91,23.2,75.7,2.8,6.8,13.5,115.7
Monday,Day,0,46,389,2.41,21.8,72.1,11.2,4.3,16.4,101.3
Saturday,Evening,0,27,473,2.48,20.5,69.4,4.9,7.7,25.3,92.6
Saturday,Day,1,39,802,2.89,25.2,78.7,5.2,9.1,3.2,128.6
Friday,Day,0,39,433,3.24,27.2,87.2,3.2,11.4,10.9,109.2
Saturday,Day,1,24,592,2.35,24.8,82.1,2.2,5.0,11.2,117.5
Monday,Day,1,18,629,2.25,24.6,77.6,4.8,13.5,12.0,108.8
Tuesday,Evening,0,45,338,2.81,21.7,81.1,5.3,13.9,30.0,87.3
Wednesday,Evening,0,41,286,3.1,12.4,91.6,4.9,8.4,10.8,108.8
Monday,Day,0,45,422,3.6,27.4,82.9,10.2,15.2,0.0,105.4
Thursday,Night,0,32,568,2.21,14.3,80.6,4.8,3.4,10.6,112.4
Tuesday,Night,0,37,416,2.63,25.7,84.4,4.9,4.4,11.2,96.7
Wednesday,Day,0,55,487,3.45,26.5,76.4,7.6,0.9,10.3,132.8
Thursday,Day,0,26,273,3.89,15.2,79.8,4.7,11.7,7.0,70.3
Sunday,Evening,0,42,497,2.25,18.4,73.1,6.8,7.8,2.8,105.7
Tuesday,Evening,0,23,454,2.39,34.7,62.5,1.4,6.7,27.1,68.3
Sunday,Day,0,20,412,3.01,21.5,81.4,1.4,6.4,14.2,88.6
Thursday,Evening,1,54,652,2.48,14.7,83.5,5.6,5.6,10.7,141.9
Wednesday,Day,0,22,486,2.38,26.8,75.1,4.5,2.7,26.9,80.7
Thursday,Day,0,42,374,2.93,17.4,88.4,2.8,2.1,5.9,110.5
Wednesday,Evening,1,37,662,3.65,10.5,72.8,5.6,24.7,16.2,96.6
Tuesday,Evening,0,48,559,2.08,25.1,60.3,5.8,10.9,3.3,99.5
Thursday,Night,0,38,408,3.62,16.5,71.0,3.1,6.6,17.3,87.7
Tuesday,Day,0,44,383,2.48,23.9,62.6,3.6,5.9,4.1,107.1
Wednesday,Day,0,51,453,2.99,17.1,81.4,5.8,10.0,15.3,122.9
Friday,Day,1,49,761,3.67,26.2,72.5,2.1,17.5,25.7,119.3
Wednesday,Day,0,45,353,2.98,23.1,87.8,3.4,8.6,12.7,124.4
Saturday,Day,0,24,565,2.64,8.0,87.6,6.8,31.2,0.0,102.0
Tuesday,Evening,0,24,381,3.19,24.3,68.8,5.1,12.0,12.3,76.7
Sunday,Evening,0,36,478,2.7,20.3,69.9,3.8,5.0,15.4,104.8
Saturday,Evening,0,43,436,3.09,30.5,83.3,2.5,2.1,18.3,113.1
Sunday,Day,0,43,421,2.69,24.4,87.8,2.2,16.8,22.3,107.4
Saturday,Day,0,47,655,3.27,26.5,57.9,4.8,3.1,22.7,118.5
Tuesday,Evening,0,21,311,2.03,17.7,80.8,11.3,13.5,11.1,84.5
Thursday,Day,0,24,521,2.24,17.3,56.0,6.9,10.1,7.4,86.4
Tuesday,Night,1,23,764,2.03,21.8,74.5,1.2,1.6,4.2,94.5
Saturday,Day,0,38,575,2.77,19.8,88.9,7.3,9.8,8.2,123.2
Friday,Evening,0,42,354,1.96,30.0,99.0,2.9,11.2,15.3,112.4
Tuesday,Night,0,22,298,2.42,21.1,75.6,5.2,5.7,2.6,74.3
Sunday,Evening,0,51,384,2.19,14.7,65.5,3.4,5.4,5.5,105.8
Monday,Evening,0,29,450,3.61,17.0,72.9,11.3,6.0,15.9,90.8
Friday,Evening,1,43,681,2.26,27.8,80.7,1.8,16.5,7.5,122.4
Saturday,Day,0,46,389,2.09,21.0,71.3,6.1,5.1,14.6,112.1
Monday,Evening,1,19,532,2.94,20.7,70.8,3.1,1.1,6.3,100.8
Friday,Night,1,50,558,3.73,28.4,75.7,7.4,7.8,14.0,94.1
Saturday,Night,0,54,448,2.74,16.5,82.0,6.1,0.9,6.6,126.1
Monday,Day,0,54,644,2.78,8.6,76.3,9.0,9.5,0.0,134.2
Thursday,Day,0,23,386,3.51,16.9,69.2,7.4,2.8,18.7,90.4
Tuesday,Evening,0,32,352,3.28,23.5,71.3,3.1,6.3,7.1,88.4
Friday,Evening,0,26,372,3.03,20.5,73.9,13.9,2.9,10.3,69.5
Monday,Day,0,35,515,2.48,12.6,68.0,6.9,20.8,7.2,106.8
Sunday,Day,1,55,651,3.05,28.1,72.9,3.5,10.1,15.8,117.8
Sunday,Day,0,46,390,2.05,23.0,84.4,5.8,2.7,14.3,124.5
Tuesday,Evening,0,47,411,2.46,24.3,75.7,7.1,8.5,15.8,94.9
Wednesday,Day,0,34,395,3.59,24.5,60.5,7.0,2.2,8.2,85.9
Friday,Day,0,53,528,3.52,14.2,88.2,6.7,6.2,11.7,128.6
Saturday,Day,0,52,765,3.04,23.8,82.2,8.1,17.5,14.9,132.2
Thursday,Night,0,48,482,1.74,27.4,64.2,7.8,10.2,22.8,114.3
Tuesday,Day,0,48,456,2.14,28.8,74.3,2.7,3.1,14.1,106.1
Monday,Day,1,42,572,2.43,26.3,72.1,11.5,1.8,5.0,121.8
Sunday,Evening,0,21,327,2.71,25.1,84.8,11.1,11.3,13.9,86.9
Thursday,Day,1,28,725,2.11,11.6,76.3,7.6,23.6,10.8,99.5
Sunday,Night,0,47,495,2.66,21.9,77.3,5.3,6.5,0.0,110.4
Thursday,Night,0,30,386,3.77,16.3,76.1,5.4,16.8,0.0,79.5
Sunday,Day,0,24,590,3.02,29.7,63.2,4.2,10.3,11.5,95.3
Monday,Day,0,53,457,2.92,28.8,92.1,4.6,11.2,12.1,127.7
Monday,Day,1,36,709,2.24,16.3,86.6,0.0,2.2,9.9,131.8
Sunday,Day,0,50,503,1.9,21.7,70.5,9.8,6.2,18.2,114.6
Sunday,Day,0,28,458,2.12,23.5,79.9,8.7,6.6,5.5,109.1
Wednesday,Day,0,31,379,1.88,27.4,87.7,0.2,0.5,2.3,103.8
Wednesday,Day,0,31,456,2.84,11.9,78.6,7.9,4.0,6.2,88.8
Thursday,Evening,0,32,535,3.01,8.7,93.6,5.2,4.4,7.7,100.7
Wednesday,Day,0,34,422,2.27,22.2,99.0,4.6,3.0,11.6,108.0
Tuesday,Day,1,29,687,2.88,8.0,78.7,6.7,6.0,6.4,128.5
Sunday,Evening,0,48,352,3.61,23.0,72.2,0.0,13.0,0.0,98.9
Tuesday,Day,0,30,539,3.88,25.6,68.1,5.2,13.3,0.0,102.5
Friday,Day,0,34,530,3.22,29.4,55.9,5.4,19.1,12.9,93.7
Monday,Day,0,50,341,2.7,18.3,90.5,5.4,14.8,4.1,118.8
Monday,Day,1,34,614,3.21,23.0,76.5,1.1,9.0,0.0,98.3
Friday,Day,0,18,588,3.54,25.9,86.8,6.5,19.5,16.4,69.5
Wednesday,Night,0,18,305,1.7,14.9,88.8,8.4,4.8,22.8,66.5
Friday,Night,0,34,353,3.62,27.5,67.2,6.4,7.1,11.3,87.7
Monday,Day,1,42,628,2.5,23.6,70.7,4.5,24.8,13.9,106.6
Sunday,Day,0,53,678,2.51,18.4,95.4,13.3,4.6,13.9,134.1
Saturday,Evening,1,22,606,2.6,22.8,79.3,2.4,0.4,0.0,110.4
Sunday,Evening,0,38,502,2.98,21.2,71.4,7.5,1.9,18.2,92.1
Monday,Day,1,28,660,2.19,26.7,69.5,5.9,6.5,20.7,103.5
Wednesday,Day,0,35,414,2.64,19.8,76.6,11.2,3.0,24.9,88.4
Wednesday,Day,0,34,485,3.09,23.4,93.1,6.4,1.7,8.9,130.0
Thursday,Evening,0,29,412,2.92,18.3,84.9,7.0,13.6,4.1,81.4
Wednesday,Day,0,18,436,3.01,16.4,79.8,6.7,10.4,21.5,92.0
Monday,Day,1,20,477,2.62,23.0,95.9,2.0,0.6,15.5,94.7
Wednesday,Day,1,37,648,3.18,16.6,94.0,2.6,15.7,18.1,123.3
Tuesday,Day,0,26,550,3.38,26.8,81.3,4.4,29.5,7.5,85.8
Wednesday,Evening,1,30,635,3.35,25.6,99.0,8.1,3.9,13.9,110.0
Tuesday,Evening,0,21,549,3.04,17.4,75.5,5.9,10.5,4.6,86.3
Tuesday,Evening,0,19,500,3.32,23.3,89.0,4.6,2.6,12.0,92.5
Friday,Day,0,22,494,3.28,17.4,74.1,9.3,8.2,9.6,87.5
Wednesday,Day,0,32,410,4.27,12.4,87.0,0.0,10.8,28.4,93.6
Wednesday,Night,0,24,379,3.47,18.4,75.5,1.3,6.5,15.8,70.6
Thursday,Evening,0,26,315,2.75,21.7,82.6,0.0,3.4,0.0,90.1
Saturday,Day,0,29,485,2.3,25.1,99.0,8.8,4.6,12.0,105.6
Wednesday,Day,0,29,484,2.66,22.9,87.5,4.9,0.8,14.6,102.4
Friday,Night,1,18,798,2.62,27.4,84.8,8.1,7.4,8.7,87.6
Sunday,Evening,0,22,505,3.08,16.1,70.3,4.9,22.1,4.3,69.0
Thursday,Night,0,54,348,2.41,19.7,79.9,8.3,1.9,16.6,102.8
Sunday,Evening,0,43,318,3.46,31.9,67.9,4.8,19.0,5.3,92.3
Saturday,Day,0,22,490,2.04,10.4,86.9,6.4,5.5,16.0,85.2
Monday,Day,0,28,532,1.9,19.3,86.6,6.0,0.8,4.7,120.6
Thursday,Day,0,32,454,2.73,15.6,76.2,6.2,13.7,8.3,92.8
Friday,Evening,0,52,531,2.34,20.8,94.6,10.3,7.5,18.7,135.4
Sunday,Evening,0,51,438,2.11,19.4,93.2,0.3,2.4,15.4,142.4
Thursday,Day,1,47,723,2.45,25.6,81.5,5.0,3.6,12.2,132.1
Monday,Night,1,22,438,2.38,23.5,85.7,5.8,4.4,11.8,84.2
Friday,Day,0,36,652,2.81,14.2,72.1,5.3,6.2,12.6,127.1
Monday,Day,1,36,529,2.46,18.5,77.3,4.0,8.1,6.5,125.9
Saturday,Day,1,42,765,2.5,22.0,69.2,3.6,8.4,1.4,137.2
Thursday,Night,0,50,404,2.8,26.4,73.2,9.8,12.7,16.0,102.8
Saturday,Night,0,30,454,3.36,36.6,77.0,5.0,7.3,22.7,69.2
Sunday,Evening,0,39,432,3.61,26.2,61.4,12.5,9.4,16.2,84.7
Friday,Night,0,28,479,2.88,15.9,83.8,6.8,7.5,13.8,81.8
Friday,Night,0,25,498,2.92,21.4,88.2,4.3,0.1,3.5,85.8
Saturday,Night,1,29,746,2.7,23.1,79.9,6.9,1.9,18.1,105.2
Saturday,Night,0,45,599,3.06,18.9,51.0,5.5,2.6,15.4,102.9
Sunday,Day,0,34,507,3.01,24.8,75.5,9.2,7.0,17.3,97.5
Monday,Evening,0,43,598,3.53,8.4,64.1,1.7,7.6,19.2,108.4
Thursday,Evening,0,44,464,1.76,25.3,71.9,0.0,5.7,23.1,100.9
Tuesday,Evening,0,31,547,2.67,19.1,92.5,6.3,10.6,4.2,116.7
Sunday,Day,1,54,696,2.99,21.3,55.7,7.7,11.8,3.0,132.0
Friday,Evening,0,19,428,2.79,30.8,69.8,6.1,6.2,13.0,59.1
Thursday,Night,0,52,447,2.28,14.4,86.3,7.2,12.9,5.5,117.6
Tuesday,Day,0,18,513,2.09,23.6,71.0,6.8,5.4,4.3,98.6
Wednesday,Night,0,32,422,3.24,26.8,70.2,0.8,8.9,20.5,87.3
Friday,Day,0,49,539,2.38,23.0,98.3,6.0,0.3,4.9,133.5
Tuesday,Day,0,44,547,1.83,12.3,81.8,9.2,6.3,11.9,120.3
Monday,Day,0,30,453,3.27,30.1,87.3,5.7,13.3,0.6,86.4
Sunday,Evening,0,51,175,3.05,20.7,82.9,1.3,7.1,12.4,102.1
Saturday,Evening,1,23,829,2.74,18.8,81.6,4.2,2.5,20.3,100.7
Tuesday,Day,0,43,437,2.3,20.1,90.6,6.9,8.5,20.5,102.0
Wednesday,Evening,0,37,372,2.74,19.7,97.1,10.6,5.6,19.3,94.1
Sunday,Day,0,25,368,3.47,14.9,61.2,0.0,9.2,11.5,88.5
Friday,Day,1,52,648,1.91,23.0,79.6,6.3,3.4,19.8,136.4
Friday,Night,0,47,402,1.94,18.4,77.6,2.4,6.0,15.0,111.5
Wednesday,Evening,0,18,380,2.45,26.0,73.7,6.7,2.3,8.9,86.2
Wednesday,Evening,0,21,385,2.79,25.1,87.8,7.0,4.4,14.7,92.7
Monday,Evening,0,20,485,2.53,31.8,80.6,4.5,7.9,18.2,77.1
Saturday,Night,0,33,658,3.15,20.7,97.3,7.1,1.0,2.7,121.5
Monday,Day,0,33,533,3.4,17.2,89.0,8.6,6.2,4.6,106.5
Monday,Day,0,45,562,2.95,13.2,91.6,4.7,1.9,11.0,128.0
Saturday,Day,0,43,474,3.11,35.2,66.0,1.2,5.3,3.4,102.7
Sunday,Evening,0,18,465,2.95,26.0,69.9,9.5,1.6,3.3,78.8
Saturday,Evening,0,36,531,2.81,17.8,70.8,7.7,26.9,9.1,99.0
Thursday,Evening,0,47,392,2.09,32.2,91.2,6.9,13.2,18.9,94.1
Thursday,Day,0,52,435,2.23,30.1,68.3,3.1,5.6,18.8,114.2
Thursday,Day,0,29,556,2.06,13.9,68.6,8.2,18.9,14.2,90.5
Wednesday,Evening,0,19,554,2.72,17.5,66.8,11.3,3.5,13.3,80.5
Thursday,Night,0,23,436,2.93,21.2,99.0,4.8,16.0,26.6,77.4
Thursday,Day,0,30,361,2.0,15.6,76.6,5.5,9.4,8.2,100.0
Friday,Day,0,34,472,2.84,21.4,83.3,2.0,3.7,13.7,122.5
Sunday,Day,1,31,518,2.32,26.3,68.6,3.0,10.8,7.9,99.2
Sunday,Day,1,21,662,2.21,13.8,89.6,2.0,13.7,3.0,108.8
Monday,Day,0,30,479,2.46,23.8,60.3,5.6,6.4,20.3,91.0
Wednesday,Day,0,29,444,2.18,29.0,68.2,4.2,12.5,9.9,99.4
Tuesday,Evening,0,36,468,3.13,24.4,70.7,6.3,11.7,16.9,77.6
Wednesday,Day,0,21,510,2.71,21.5,80.2,2.5,8.6,10.3,94.7
Wednesday,Day,0,48,494,3.25,18.0,70.1,4.7,1.6,20.7,115.8
Tuesday,Day,1,33,531,2.56,27.0,95.2,2.3,8.3,5.0,124.1
Saturday,Night,1,30,621,2.58,14.9,85.0,5.8,6.3,20.1,111.8
Thursday,Day,0,52,514,3.83,23.5,71.1,0.3,10.2,18.3,118.2
Sunday,Day,0,46,625,1.91,22.2,88.0,5.7,2.5,0.0,144.0
Monday,Day,0,23,429,3.51,28.8,74.1,4.4,12.8,8.4,73.0
Monday,Evening,0,23,487,3.71,18.5,72.1,5.7,4.2,19.1,85.8
Wednesday,Night,0,18,508,3.22,19.0,87.0,0.2,2.6,23.5,92.3
Monday,Day,1,39,616,2.62,14.5,55.5,7.2,11.4,17.0,110.2
Tuesday,Day,1,31,754,3.58,24.6,87.3,4.3,19.2,9.2,103.0
Sunday,Day,0,32,589,2.62,19.5,70.9,5.9,7.5,5.2,108.2
Tuesday,Evening,0,37,576,2.41,16.8,70.9,0.0,18.2,16.0,109.3
Tuesday,Night,0,38,464,2.59,17.4,97.6,1.5,3.7,9.0,112.1
Friday,Day,0,18,724,2.49,25.2,72.7,4.0,3.0,9.3,86.5
Thursday,Day,0,22,417,2.28,15.4,87.6,9.3,15.1,10.4,92.6
Friday,Evening,0,47,682,3.41,15.9,80.8,6.8,10.3,18.2,110.2
Wednesday,Evening,0,54,523,2.37,27.4,81.8,5.6,1.8,24.6,125.9
Saturday,Day,0,49,637,2.78,21.0,75.5,2.4,20.5,19.2,108.6
Monday,Day,0,52,425,2.01,27.7,75.0,1.9,6.3,12.1,123.7
Thursday,Day,0,35,555,2.82,19.8,93.3,6.0,6.8,5.7,115.1
Friday,Evening,0,49,616,2.16,22.0,87.3,7.3,22.5,16.7,100.6
Sunday,Evening,1,51,532,2.15,22.9,75.0,5.8,18.6,23.7,119.6
Wednesday,Evening,0,51,434,2.74,30.3,67.5,10.3,17.6,19.0,85.9
Friday,Night,0,23,252,3.38,29.8,72.2,3.2,3.7,13.5,63.3
Monday,Day,0,23,438,3.04,28.9,87.8,5.7,8.5,8.6,83.8
Tuesday,Day,0,33,387,3.08,18.2,89.8,0.1,9.9,14.4,91.7
Monday,Day,0,37,434,2.73,16.1,83.5,5.8,2.8,20.1,100.0
Saturday,Night,0,54,743,2.62,26.6,61.8,9.6,1.8,13.6,112.1
Wednesday,Evening,0,30,613,3.24,30.3,85.5,2.1,6.0,11.3,108.6
Saturday,Day,1,49,553,2.49,29.0,93.0,7.7,12.7,7.2,137.2
Monday,Day,0,51,508,3.26,22.1,79.7,9.5,0.2,30.1,133.8
Sunday,Evening,0,54,531,3.48,26.4,97.8,3.1,7.2,5.8,128.8
Saturday,Evening,0,25,458,2.34,26.5,64.8,6.6,2.1,5.1,83.6
Monday,Evening,0,27,452,2.42,22.9,84.8,9.9,13.6,13.1,84.1
Monday,Day,0,26,481,2.5,23.2,67.8,5.9,8.8,10.6,86.1
Monday,Night,1,45,462,1.99,22.6,90.6,7.6,2.1,19.2,110.8
Saturday,Evening,1,44,572,2.54,17.3,86.1,0.0,13.8,19.4,125.9
Tuesday,Evening,0,33,461,3.52,17.9,96.0,7.0,8.8,3.5,106.0
Thursday,Evening,0,21,464,2.22,17.8,83.0,6.8,5.6,6.7,72.8
Thursday,Night,0,37,363,3.53,12.4,74.0,1.2,27.2,5.9,77.4
Saturday,Night,0,45,390,2.56,22.9,73.1,2.3,6.1,17.5,92.6
Thursday,Evening,0,36,446,3.96,21.8,75.5,7.0,4.2,15.0,90.4
Thursday,Day,0,28,559,2.43,26.6,72.9,4.3,10.9,9.4,99.8
Sunday,Day,1,40,648,2.72,29.6,93.5,8.5,21.3,13.5,125.2
Tuesday,Night,0,43,574,2.3,29.9,90.8,6.1,0.3,4.1,113.9
Saturday,Evening,0,40,424,2.42,30.5,63.0,5.4,15.8,6.8,93.1
Monday,Day,1,51,653,3.54,17.5,80.4,4.7,11.2,2.9,123.5
Thursday,Day,0,29,441,3.06,13.4,78.6,6.1,18.9,13.0,82.3
Sunday,Night,0,41,486,3.37,27.6,70.2,7.6,16.6,13.0,89.4
Friday,Night,0,50,381,2.08,30.3,82.4,6.8,9.6,5.1,95.3
Friday,Night,1,26,818,3.16,31.3,94.6,3.9,11.0,14.9,104.9
Tuesday,Day,0,28,304,2.27,24.9,86.9,8.9,7.6,19.4,88.3
Wednesday,Evening,0,19,613,2.06,10.0,91.5,7.2,19.5,4.8,86.4
Wednesday,Night,0,32,434,2.93,24.2,70.8,6.4,3.6,9.7,74.0
Thursday,Day,0,19,527,2.93,25.3,78.4,5.5,7.5,15.6,78.9
Thursday,Day,0,46,602,2.83,29.5,70.3,6.7,12.7,12.0,105.1
Wednesday,Night,0,21,506,3.19,30.6,80.4,0.0,13.8,2.4,68.5
Wednesday,Day,0,44,401,3.28,27.5,81.3,5.9,13.8,8.9,92.0
Tuesday,Evening,0,40,502,3.61,18.5,87.6,10.1,10.3,8.7,100.4
Wednesday,Evening,0,55,627,2.15,15.8,91.1,5.9,13.9,10.8,140.8
Tuesday,Evening,0,31,361,3.63,25.2,84.9,5.5,11.0,11.1,77.6
Sunday,Day,0,31,676,3.84,17.2,69.4,3.4,22.6,23.0,97.7
Friday,Evening,1,27,697,2.6,30.9,66.5,6.7,3.5,10.5,94.8
Monday,Day,0,38,414,1.88,11.8,83.2,4.6,13.9,0.0,117.7
Friday,Night,0,26,370,2.04,25.4,93.0,9.1,6.6,12.6,75.2
Saturday,Day,0,22,489,2.55,23.9,77.8,2.6,8.0,24.2,92.2
Tuesday,Evening,0,54,259,3.91,20.8,62.7,3.8,23.8,10.8,90.4
Tuesday,Evening,0,43,406,2.81,16.4,98.8,3.4,23.6,8.9,116.2
Monday,Day,0,22,430,2.46,9.6,82.9,10.7,19.5,9.9,86.6
Monday,Day,0,41,353,2.42,18.8,79.7,4.6,4.7,16.1,109.5
Saturday,Evening,0,29,561,2.07,18.9,66.3,3.6,4.3,9.8,91.5
Sunday,Day,1,24,634,3.28,28.7,80.2,0.0,2.1,1.4,109.6
Monday,Day,0,35,395,2.75,17.3,84.9,2.5,20.7,7.3,92.8
Saturday,Evening,0,47,459,3.95,24.7,83.0,6.8,2.8,11.5,105.5
Monday,Night,0,18,444,3.15,14.2,71.2,6.8,5.6,15.7,69.7
Friday,Evening,0,31,487,3.26,24.9,77.4,3.2,4.8,7.9,97.1
Saturday,Day,0,52,443,2.67,8.6,71.8,3.4,4.2,9.9,133.8
Wednesday,Night,0,32,437,2.2,34.6,94.6,10.8,1.0,12.3,99.5
Monday,Evening,0,21,430,2.32,21.2,86.9,13.3,5.2,6.6,84.8
Friday,Day,0,34,392,2.05,8.0,72.8,8.6,8.5,11.4,91.5
Sunday,Day,0,43,448,3.3,17.7,66.3,9.9,2.4,15.3,108.7
Tuesday,Day,0,55,520,2.59,16.7,80.8,10.5,3.7,3.7,137.2
Tuesday,Day,0,41,519,3.32,18.1,73.1,11.8,18.7,14.1,106.2
Monday,Evening,1,19,593,2.87,19.8,75.8,4.3,3.1,4.4,94.9
Thursday,Day,0,48,539,2.64,18.0,66.6,2.6,6.9,4.5,123.2
Friday,Evening,0,47,387,2.16,17.1,67.9,10.7,7.2,7.4,112.6
Saturday,Day,0,42,420,2.97,15.0,79.6,2.3,3.8,21.6,117.0
Saturday,Day,0,52,486,2.68,26.9,75.3,2.1,15.0,0.0,113.0
Sunday,Day,1,47,797,3.3,29.2,99.0,2.2,18.1,8.8,120.2
Saturday,Evening,1,26,686,2.41,20.5,85.9,4.8,1.8,11.8,127.6
Tuesday,Evening,1,34,599,3.14,21.9,68.5,0.0,4.7,20.2,94.0
Thursday,Day,0,37,622,3.7,15.2,62.6,0.9,3.5,25.6,107.5
Wednesday,Day,0,36,443,2.95,22.4,82.0,3.3,5.7,9.0,113.2
Wednesday,Day,1,42,862,3.23,23.4,76.0,1.6,7.3,15.8,110.9
Sunday,Night,0,44,381,3.11,20.7,91.3,8.4,1.1,11.3,98.8
Friday,Day,0,21,404,3.84,24.4,80.8,5.2,7.2,11.3,69.8
Sunday,Evening,0,39,439,3.0,23.9,58.2,6.9,23.7,13.9,95.8
Wednesday,Day,0,19,446,3.18,15.7,67.8,6.6,16.9,0.9,91.6
Thursday,Day,0,37,398,2.78,29.2,71.2,4.6,8.5,11.7,90.0
Thursday,Evening,0,34,702,2.37,20.8,82.4,8.2,1.3,15.2,115.0
Monday,Evening,1,25,645,2.14,32.1,69.5,6.6,13.5,6.0,94.7
Tuesday,Day,1,55,689,3.5,24.5,81.5,4.2,5.1,15.2,136.8
Thursday,Night,1,27,566,2.25,33.8,66.6,0.1,15.9,0.0,76.6
Monday,Day,0,20,400,3.21,29.1,78.1,6.8,14.2,12.7,88.6
Sunday,Day,0,31,572,3.03,23.4,81.7,1.4,5.6,21.4,94.5
Monday,Day,0,46,296,3.3,17.7,92.6,6.3,6.8,10.5,112.6
Tuesday,Evening,1,18,516,2.52,17.8,82.5,5.4,3.6,5.2,89.1
Saturday,Evening,0,36,467,2.37,25.2,69.8,1.1,1.4,2.0,116.7
Monday,Day,1,33,763,3.01,22.9,94.9,6.0,7.1,14.7,125.1
Sunday,Night,0,50,394,2.64,18.5,76.2,5.8,12.1,18.5,97.5
Saturday,Evening,0,18,530,2.12,27.0,85.7,5.8,7.8,11.6,81.4
Monday,Night,0,18,413,3.87,22.2,71.9,5.6,6.5,8.8,55.0
Friday,Night,0,39,578,2.36,27.0,78.9,3.2,11.0,0.0,107.7
Friday,Night,1,24,484,2.25,16.1,72.0,7.0,6.3,12.9,91.9
Saturday,Evening,0,44,560,2.67,28.0,81.2,3.1,8.5,7.2,114.5
Saturday,Day,0,28,491,3.49,25.0,86.0,2.0,5.5,7.6,101.3
Saturday,Day,0,39,598,1.61,29.2,73.1,7.2,7.0,23.3,126.7
Friday,Evening,1,19,582,3.44,27.9,74.5,8.0,2.2,0.0,95.0
Wednesday,Day,0,44,472,2.3,21.5,81.6,7.0,4.0,0.3,130.9
Friday,Evening,0,37,470,2.95,21.0,69.7,4.6,23.3,13.6,70.1
Sunday,Day,0,18,380,2.43,32.7,62.8,0.0,2.0,9.3,85.1
Friday,Night,0,28,333,3.9,20.3,81.5,9.6,24.4,8.4,63.5
Friday,Day,0,20,445,2.87,26.5,76.9,0.0,8.2,13.9,75.4
Thursday,Night,1,19,622,2.41,19.7,78.7,7.0,1.4,13.8,83.8
Saturday,Day,0,44,438,2.63,10.8,83.2,11.5,13.8,5.2,112.7
Sunday,Day,0,34,444,2.85,14.6,84.6,5.6,1.9,7.9,102.7
Tuesday,Night,0,48,241,2.9,24.4,76.4,6.1,12.9,12.3,82.8
Tuesday,Night,0,27,385,3.04,26.2,66.8,6.3,10.0,13.2,65.4
Thursday,Evening,0,45,552,2.8,24.5,71.6,5.8,7.8,15.4,112.8
Thursday,Night,1,41,677,2.04,28.9,85.8,12.3,9.1,7.9,106.0
Friday,Day,0,43,492,2.61,24.3,79.4,2.7,9.5,14.4,110.1
Monday,Night,0,49,433,3.13,17.3,72.5,2.3,6.1,18.7,114.2
Wednesday,Day,0,44,391,2.43,25.6,70.2,4.2,25.6,12.3,81.9
Friday,Evening,0,46,634,3.17,23.0,84.2,10.4,19.1,11.3,110.0
Friday,Day,0,46,696,2.82,18.5,75.8,3.5,13.4,10.4,126.9
Friday,Day,1,34,696,2.68,24.8,87.5,6.5,5.5,7.7,123.4
Saturday,Evening,0,45,736,3.46,22.5,86.8,8.4,5.0,5.4,119.6
Friday,Evening,0,50,415,1.84,18.4,74.9,7.5,9.5,9.9,105.5
Saturday,Day,1,46,571,2.43,20.9,89.5,8.3,5.1,15.2,144.0
Friday,Night,0,41,388,3.48,30.5,79.4,9.5,6.2,5.8,81.9
Thursday,Evening,0,20,434,3.81,30.3,80.7,6.1,13.6,11.5,59.1
Friday,Day,1,34,900,4.06,23.1,58.1,3.8,19.6,10.7,97.0
Monday,Evening,1,20,588,2.83,22.3,70.3,5.6,9.6,24.4,77.2
Tuesday,Day,0,21,383,3.05,13.4,68.8,4.2,8.7,17.1,87.4
Thursday,Day,0,31,390,3.25,32.3,74.8,12.8,1.3,16.9,80.2
Sunday,Evening,1,35,743,3.5,28.2,81.1,3.6,13.1,18.4,115.6
Friday,Day,0,38,595,2.97,26.5,79.6,6.6,14.2,8.2,110.1
Monday,Day,0,52,409,3.31,8.4,80.9,0.7,16.7,21.6,115.9
Friday,Evening,1,46,482,3.05,22.2,73.2,5.6,37.3,13.1,101.7
Tuesday,Day,0,34,358,3.09,21.2,84.9,4.3,4.9,11.7,94.7
Saturday,Night,0,30,629,2.29,26.1,96.1,7.2,21.6,3.5,95.5
Saturday,Evening,0,45,555,2.62,19.3,74.5,7.3,20.1,9.2,112.6
Friday,Day,0,28,506,2.51,20.6,71.4,9.5,8.8,0.0,96.7
Friday,Evening,0,51,658,2.15,25.7,71.1,9.2,1.9,10.3,119.9
Wednesday,Day,0,47,656,1.89,17.4,78.9,5.0,18.4,8.0,115.3
Thursday,Evening,0,43,452,2.57,18.6,72.7,2.4,22.1,9.2,100.3
Sunday,Day,0,27,473,2.65,23.2,60.7,2.7,2.6,2.3,92.7
Saturday,Night,0,41,410,2.86,30.0,63.4,6.1,12.3,16.9,85.1
Thursday,Day,0,49,448,3.11,26.9,88.2,5.7,8.3,16.1,112.8
Wednesday,Evening,0,20,309,2.9,28.5,90.8,6.0,7.9,23.8,63.4
Monday,Day,0,24,313,2.66,22.4,94.0,3.6,1.4,23.6,87.5
Tuesday,Day,0,37,301,2.3,31.0,80.3,9.5,18.1,13.1,83.6
Tuesday,Evening,0,31,548,3.28,11.6,68.1,0.8,5.5,19.2,104.1
Wednesday,Evening,0,44,302,2.74,34.1,73.6,3.4,28.1,13.8,83.5
Sunday,Night,0,33,615,2.56,34.9,63.1,2.0,6.5,9.0,111.1
Thursday,Day,0,55,406,2.7,24.7,62.7,4.6,4.9,10.1,119.3
Tuesday,Day,0,29,630,2.4,27.0,80.6,8.9,5.4,16.5,96.7
Monday,Day,1,31,600,2.51,21.8,85.4,4.3,6.8,35.0,106.8
Wednesday,Day,0,18,321,2.49,20.7,97.6,5.5,6.7,20.2,86.2
Saturday,Night,0,27,587,2.64,18.3,77.2,7.2,18.1,13.7,93.5
Wednesday,Night,1,26,738,3.16,21.7,66.4,4.2,6.6,15.4,101.4
Saturday,Night,1,46,559,3.02,25.3,78.8,6.3,20.3,15.3,98.1
Saturday,Day,0,30,478,3.65,24.5,75.2,6.0,17.8,11.4,97.6
Monday,Day,0,25,369,3.47,33.9,73.1,1.8,16.1,17.3,71.7
Friday,Evening,0,29,469,3.88,22.6,81.4,3.8,14.1,10.9,77.9
Sunday,Day,0,39,485,3.11,13.1,65.9,6.3,3.0,4.9,111.5
Wednesday,Evening,1,47,597,3.1,31.9,81.3,9.0,14.8,15.4,119.1
Monday,Day,0,55,282,2.53,14.7,84.5,9.0,17.8,16.3,114.4
Sunday,Day,1,19,600,3.25,18.6,94.2,11.5,21.2,11.0,82.0
Sunday,Night,0,49,497,2.44,23.6,81.1,6.7,1.5,14.2,108.0
Thursday,Day,0,32,455,1.99,24.5,88.4,4.0,17.2,18.7,88.3
Thursday,Night,0,48,399,3.64,13.3,73.6,5.0,1.5,11.6,100.7
Tuesday,Day,1,19,557,2.11,17.5,77.0,4.9,12.8,8.9,96.3
Saturday,Day,0,41,452,3.04,13.1,91.5,4.0,11.2,7.0,111.2
Thursday,Day,0,53,609,2.32,25.7,64.3,6.3,3.6,10.2,124.9
Monday,Day,0,19,347,3.42,29.1,74.0,6.5,8.7,22.7,76.0
Friday,Evening,0,48,548,3.49,14.7,89.3,1.7,7.3,10.6,137.1
Sunday,Day,0,22,479,3.09,28.0,75.9,8.5,11.7,14.5,92.2
Saturday,Evening,0,55,513,3.49,27.6,75.1,0.0,8.4,9.7,110.9
Tuesday,Night,0,46,350,2.8,18.0,75.3,4.5,10.5,9.1,111.4
Monday,Day,0,52,422,4.03,10.1,79.2,8.6,6.3,5.8,120.4
Sunday,Day,0,52,474,3.21,15.6,88.9,7.0,34.9,12.7,112.5
Sunday,Day,0,30,426,2.3,18.4,87.2,4.1,10.7,8.4,112.2
Thursday,Evening,1,33,666,2.84,31.3,80.1,11.1,5.5,20.9,105.3
Friday,Evening,1,44,703,2.72,21.3,90.9,3.9,5.2,11.2,116.7
Thursday,Day,0,24,681,2.66,16.0,81.4,0.0,14.2,11.7,100.0
Wednesday,Evening,0,29,476,1.89,22.9,86.6,6.6,45.0,10.7,70.8
Monday,Evening,0,21,253,3.01,14.2,67.7,0.0,19.2,14.6,55.0
Monday,Day,1,51,745,2.04,25.1,97.4,2.7,8.0,22.4,150.7
Tuesday,Day,0,27,446,1.41,16.1,80.2,7.1,1.3,4.7,116.2
Saturday,Night,0,33,656,2.61,17.0,50.5,3.8,3.8,13.9,98.5
Tuesday,Day,1,35,785,2.38,24.3,96.6,6.9,4.8,1.0,130.6
Tuesday,Day,0,32,417,2.33,32.5,78.1,1.7,1.2,20.6,98.0
Thursday,Day,0,47,544,1.3,35.2,74.0,7.8,6.9,11.2,118.6
Tuesday,Evening,0,52,389,2.33,15.8,71.9,0.1,13.0,1.5,127.4
Tuesday,Day,0,39,465,2.7,18.4,82.4,9.2,5.8,3.1,97.6
Friday,Day,0,49,564,2.45,25.1,69.1,3.8,15.4,17.7,118.9
Wednesday,Day,1,22,756,3.01,29.0,74.2,9.8,5.1,0.3,98.0
Friday,Evening,0,54,565,3.57,9.0,72.5,2.7,2.1,13.9,124.5
Sunday,Day,0,22,482,3.08,22.5,75.1,11.0,4.3,9.0,83.1
Tuesday,Night,1,20,836,3.36,19.1,74.8,2.3,3.9,10.6,106.4
Sunday,Day,1,18,620,3.41,10.5,88.5,0.0,1.6,7.3,104.8
Sunday,Day,0,27,322,2.24,14.0,80.7,5.3,3.1,5.3,98.3
Saturday,Night,0,49,331,3.04,18.6,81.9,8.9,1.0,8.6,120.2
Friday,Night,0,29,595,3.35,22.4,84.1,7.6,0.9,16.0,84.0
Friday,Day,0,48,493,2.56,28.0,77.1,8.7,5.7,10.0,112.2
Friday,Night,0,34,470,2.37,24.1,67.8,7.6,4.7,14.9,87.5
Friday,Evening,0,21,428,3.09,27.7,96.1,2.7,30.0,10.3,74.3
Monday,Day,1,35,592,1.99,22.2,89.3,7.5,3.3,16.3,120.1
Sunday,Night,0,26,355,2.2,17.8,94.1,5.5,5.4,14.9,82.7
Friday,Evening,0,29,525,2.43,20.9,88.3,3.1,9.2,8.2,104.9
Saturday,Day,0,37,501,3.05,26.2,73.4,5.7,16.2,5.3,100.5
Wednesday,Evening,1,48,671,2.92,28.2,56.5,5.0,20.6,18.7,110.4
Monday,Day,0,40,487,3.37,21.1,65.7,9.4,9.3,6.3,106.6
Thursday,Day,0,26,435,2.29,16.4,84.4,3.7,7.0,15.5,86.6
Thursday,Night,0,45,291,2.26,24.0,77.0,3.5,4.1,12.2,106.4
Thursday,Evening,0,44,308,3.09,24.9,73.8,3.1,8.4,8.8,95.4
Wednesday,Evening,0,27,738,2.36,29.4,53.0,10.9,19.5,15.0,80.5
Tuesday,Evening,1,50,765,2.47,17.9,79.9,3.3,8.2,21.6,135.1
Thursday,Evening,0,50,582,1.78,18.0,67.2,9.1,10.9,16.4,129.8
Wednesday,Day,0,40,406,2.96,26.5,70.8,2.1,14.8,12.9,97.4
Sunday,Night,0,29,431,3.65,19.6,86.5,6.7,10.3,23.4,78.0
Tuesday,Evening,0,31,368,2.23,19.3,67.7,6.0,11.7,0.3,83.3
Wednesday,Evening,0,34,325,3.36,29.5,68.7,8.9,10.0,4.2,69.4
Wednesday,Evening,0,25,394,2.77,13.8,79.9,8.5,3.0,8.7,93.3
Thursday,Day,0,29,601,1.83,34.3,86.7,5.4,8.6,21.9,92.8
Thursday,Day,0,23,555,2.31,18.3,74.0,3.6,9.3,18.6,99.7
Friday,Day,0,23,408,2.27,27.2,92.7,10.1,25.0,0.0,77.8
Sunday,Day,0,46,445,2.63,21.3,65.2,3.3,4.2,8.9,104.4
Wednesday,Evening,0,22,521,3.03,23.6,63.5,0.0,9.0,2.7,95.8
Friday,Night,0,35,401,3.82,20.4,62.6,0.0,5.7,11.7,59.9
Monday,Day,0,34,463,2.01,27.1,61.5,0.4,23.6,18.3,87.5
Tuesday,Day,0,19,503,2.53,19.9,81.4,7.0,17.6,18.8,81.2
Thursday,Evening,0,49,492,2.31,18.6,68.2,11.8,8.9,13.9,90.3
Monday,Day,1,55,659,2.1,32.9,65.9,0.0,0.1,9.0,146.8
Friday,Night,0,42,393,2.85,22.2,81.8,2.9,18.2,11.3,88.2
Friday,Day,0,43,448,2.8,17.9,86.2,5.5,1.7,16.8,115.5
Saturday,Day,1,26,582,1.8,13.1,90.5,9.8,1.0,28.4,123.7
Thursday,Day,0,50,327,2.81,33.2,86.8,2.8,15.4,3.7,111.2
Friday,Night,0,47,444,2.14,18.7,68.8,7.0,11.3,23.1,95.7
Wednesday,Day,0,34,548,2.81,34.4,80.8,4.4,10.5,13.7,98.6
Monday,Evening,1,44,484,3.5,24.4,85.0,13.0,4.4,17.7,119.0
Monday,Day,0,54,481,3.05,22.9,73.3,5.6,1.4,13.3,128.0
Friday,Day,0,40,575,2.9,23.0,79.6,6.3,0.2,21.8,108.0
Sunday,Night,0,25,256,2.51,35.3,65.5,5.5,10.5,14.3,56.8
Monday,Day,0,30,429,2.84,8.8,71.7,4.0,2.1,7.5,94.5
Thursday,Day,1,25,811,3.11,23.3,83.7,8.0,11.9,15.2,96.4
Saturday,Evening,0,30,542,3.06,20.4,93.1,1.7,2.5,19.9,120.0
Saturday,Night,0,51,287,2.75,20.7,89.5,0.0,9.0,12.0,111.3
Thursday,Day,1,25,718,2.92,22.9,86.6,4.7,2.8,0.0,104.8
Friday,Day,0,51,429,2.08,20.4,78.8,7.6,14.4,11.2,119.8
Friday,Night,0,28,521,2.4,23.1,77.2,3.5,10.1,12.7,84.9
Saturday,Evening,0,36,424,3.19,21.9,63.5,5.8,8.4,11.7,95.5
Monday,Night,0,38,405,3.26,14.1,69.6,1.5,3.3,8.5,95.7
Sunday,Evening,0,22,404,2.85,24.3,70.0,8.4,1.6,21.3,86.8
Monday,Evening,0,24,435,3.61,26.3,83.7,7.2,10.5,0.0,73.4
Saturday,Day,0,29,456,3.08,18.7,87.4,5.3,4.5,12.7,94.7
Monday,Day,0,20,434,2.67,33.2,85.4,5.7,7.9,12.8,88.1
Tuesday,Evening,0,46,333,2.13,30.0,89.8,1.0,7.6,26.7,90.6
Monday,Evening,1,38,662,3.59,27.1,80.7,1.2,7.1,11.9,113.6
Thursday,Night,0,50,447,3.22,27.0,68.2,4.8,17.7,15.1,100.1
Wednesday,Evening,0,50,296,3.79,22.2,77.5,6.7,7.3,12.9,83.2
Tuesday,Day,0,31,559,3.99,28.8,70.8,6.9,2.9,12.7,94.2
Thursday,Evening,0,49,438,2.09,31.4,84.6,4.1,12.6,24.3,96.2
Wednesday,Evening,0,20,465,2.09,26.8,74.4,7.4,12.2,4.2,63.2
Saturday,Day,0,34,583,1.3,18.6,77.0,9.5,4.0,7.3,109.7
Sunday,Evening,0,43,486,3.31,21.8,84.9,4.9,3.4,17.3,111.3
Friday,Evening,1,35,771,3.16,25.4,72.6,6.1,10.1,13.8,98.9
Monday,Day,0,46,427,2.85,27.0,87.6,4.6,2.2,10.0,126.9
Wednesday,Evening,0,50,548,2.13,21.5,64.5,4.8,10.2,11.5,116.4
Sunday,Evening,0,34,467,2.75,18.6,81.1,5.7,21.3,18.4,87.5
Monday,Night,0,28,458,2.9,31.5,77.1,10.3,12.4,15.4,60.9
Wednesday,Day,0,40,508,3.23,15.6,86.3,7.9,22.2,7.0,106.3
Sunday,Evening,0,51,573,2.95,16.4,64.3,7.7,8.0,13.7,133.8
Sunday,Evening,0,55,524,3.17,14.0,62.7,3.8,8.0,11.7,118.4
Wednesday,Evening,0,48,408,2.73,16.3,85.5,2.5,8.7,15.3,110.8
Friday,Day,0,27,439,3.45,29.5,74.1,6.4,11.0,9.8,74.1
Thursday,Night,0,25,425,3.15,29.7,77.1,8.9,10.5,3.5,80.1
Saturday,Night,1,39,573,2.15,21.6,73.4,10.4,3.5,16.7,115.1
Monday,Evening,0,33,335,3.56,25.0,87.1,0.0,7.4,15.8,87.0
Tuesday,Evening,0,41,243,3.47,21.9,81.0,12.5,17.3,21.9,70.7
Friday,Day,0,53,353,3.06,14.8,80.4,6.5,2.8,2.8,117.3
Tuesday,Evening,0,38,634,2.95,35.3,66.3,7.9,8.7,11.5,94.3
Friday,Day,0,31,438,3.71,30.2,83.0,0.0,10.8,10.4,101.6
Wednesday,Evening,0,51,631,1.9,24.1,68.1,4.5,10.8,9.2,123.5
Sunday,Day,0,34,513,3.48,16.9,71.4,7.7,1.6,1.2,118.2
Saturday,Evening,0,40,485,2.54,20.7,64.3,1.7,2.7,4.5,106.4
Thursday,Day,0,23,332,3.4,17.8,76.4,0.0,16.9,13.9,60.7
Saturday,Evening,0,37,490,2.87,22.6,88.6,6.2,16.7,8.5,121.6
Tuesday,Evening,0,34,625,2.12,23.9,80.3,5.1,7.7,6.2,111.2
Thursday,Day,0,22,623,2.53,20.0,73.6,9.5,9.7,22.0,94.2
Tuesday,Day,0,26,491,3.36,13.3,79.1,4.7,3.1,28.6,87.5
Sunday,Night,0,44,321,2.68,34.8,79.0,4.9,2.0,11.6,86.8
Saturday,Evening,0,24,399,2.46,23.4,78.7,7.3,1.1,1.5,91.6
Sunday,Day,0,23,394,2.45,24.7,79.8,8.3,2.0,14.8,73.6
Sunday,Day,1,20,776,3.15,19.5,69.6,3.1,9.7,0.0,101.3
Sunday,Day,0,19,630,3.76,12.6,79.1,8.0,6.8,2.5,105.1
Tuesday,Evening,0,34,464,1.62,21.5,60.4,3.6,8.4,14.9,97.7
Sunday,Evening,0,36,426,4.34,20.1,83.8,5.2,8.2,2.3,100.5
Friday,Day,0,41,647,2.91,26.3,67.0,7.2,2.6,9.9,127.8
Thursday,Evening,0,39,362,3.12,27.4,89.8,7.7,10.2,1.6,99.3
Friday,Evening,0,38,485,2.56,26.6,53.5,6.2,18.5,12.4,69.6
Wednesday,Evening,1,55,674,2.8,27.9,96.7,2.0,2.7,19.9,141.9
Wednesday,Day,0,27,388,2.91,32.8,61.6,0.0,7.2,7.7,98.0
Tuesday,Day,1,45,585,2.22,24.3,68.0,4.6,12.9,11.9,117.4
Monday,Day,0,21,387,2.36,28.6,81.0,8.1,16.6,6.3,89.7
Thursday,Day,0,50,610,3.45,25.0,84.2,6.5,11.1,6.8,132.0
Sunday,Day,0,31,657,1.95,10.6,75.2,5.9,3.1,6.2,118.9
Friday,Day,0,31,511,3.04,21.1,86.9,5.2,0.9,17.5,97.4
Thursday,Day,0,23,450,2.6,16.8,70.0,6.1,5.7,2.1,93.5
Thursday,Evening,0,37,398,2.27,23.4,74.0,2.2,6.5,9.7,109.3
Thursday,Day,0,33,475,3.88,17.3,75.0,7.5,16.6,14.9,76.8
Tuesday,Evening,0,55,393,2.28,25.6,72.6,7.7,5.3,18.4,113.1
Saturday,Day,0,24,501,2.18,27.9,58.7,4.1,2.6,15.1,75.1
Tuesday,Evening,0,33,484,2.7,29.2,77.8,6.5,3.8,11.5,92.2
Saturday,Day,0,52,471,2.38,31.7,76.8,0.1,11.0,8.0,113.4
Saturday,Evening,1,48,652,2.8,11.9,90.8,5.7,7.6,18.5,140.8
Friday,Evening,0,47,462,2.89,14.8,65.1,4.8,6.6,5.9,106.3
Sunday,Day,0,37,445,2.93,39.6,71.6,9.0,16.9,6.0,97.6
Wednesday,Evening,0,51,408,2.73,28.1,90.0,4.6,0.5,21.5,112.9
Sunday,Day,0,26,547,2.41,23.3,80.9,7.8,14.8,14.5,89.4
Saturday,Evening,0,48,322,3.15,22.2,83.5,4.0,0.1,14.8,100.7
Saturday,Day,0,40,660,2.74,21.7,82.5,0.0,14.2,16.2,125.3
Friday,Day,0,31,513,2.53,10.4,82.6,4.5,8.6,11.3,111.9
Saturday,Day,0,26,568,3.61,17.4,96.2,5.8,8.2,1.9,115.4
Sunday,Night,0,37,499,2.73,21.3,78.9,5.7,8.4,13.8,103.9
Thursday,Day,1,18,588,3.4,17.7,69.9,5.7,14.2,11.9,88.9
Saturday,Evening,1,45,583,3.47,18.5,86.4,3.7,2.5,6.0,135.5
Saturday,Day,0,26,412,3.51,37.4,72.3,4.2,11.9,4.4,86.2
Thursday,Day,0,32,452,3.18,20.5,76.9,1.8,14.5,11.7,102.3
Sunday,Day,0,25,541,2.8,23.7,81.7,0.0,6.9,2.5,94.9
Wednesday,Night,0,35,370,2.76,23.5,69.8,4.9,4.3,11.0,82.6
Friday,Evening,0,32,538,2.67,25.5,72.9,3.0,1.2,10.2,89.2
Monday,Day,0,25,230,1.61,19.1,82.8,8.4,41.7,11.2,64.5
Tuesday,Evening,0,51,408,3.2,29.5,72.5,0.0,8.3,14.8,121.1
Saturday,Day,0,46,621,2.93,24.7,87.7,6.1,1.0,16.4,137.4
Wednesday,Day,0,32,454,3.25,14.3,68.1,11.6,2.9,7.0,90.4
Wednesday,Evening,1,20,551,2.74,21.4,70.1,4.7,4.5,18.1,91.1
Tuesday,Day,1,50,583,3.17,21.0,99.0,5.2,14.7,10.5,136.1
Thursday,Day,0,44,187,2.04,20.7,62.7,6.5,2.9,24.3,95.0
Saturday,Evening,0,39,394,2.16,25.1,77.7,6.7,4.4,7.9,94.4
Sunday,Day,0,40,575,1.44,25.8,96.5,4.0,13.0,0.7,138.9
Monday,Night,0,18,355,2.73,25.1,77.7,2.2,5.5,17.8,58.9
Friday,Evening,0,36,436,2.38,24.0,91.5,7.2,8.1,15.0,97.2
Thursday,Night,1,25,388,2.3,22.5,86.5,0.0,1.8,20.4,98.7
Friday,Evening,0,42,325,2.98,9.1,77.9,7.7,2.3,14.2,100.0
Thursday,Night,0,53,543,2.57,26.7,76.7,4.0,2.6,28.4,115.5
Wednesday,Day,1,38,709,2.01,24.9,58.8,5.2,7.2,10.7,116.6
Thursday,Evening,0,40,332,4.2,16.1,74.8,3.6,8.0,19.3,90.8
Friday,Evening,0,43,420,2.78,23.7,80.3,9.5,8.6,8.3,102.0
Thursday,Night,0,53,427,2.2,25.9,80.3,5.9,16.9,15.4,106.7
Thursday,Day,0,19,361,2.43,29.0,99.0,4.2,4.3,16.7,86.7
Saturday,Evening,0,29,300,2.7,25.1,80.8,4.2,1.4,17.8,80.7
Saturday,Evening,0,28,475,2.7,23.9,84.3,4.8,13.3,17.4,78.4
Wednesday,Day,0,45,524,3.52,27.7,89.6,12.4,9.0,0.0,120.3
Saturday,Night,0,35,521,2.76,20.2,83.4,1.2,12.6,11.5,109.6
Saturday,Day,0,47,593,3.82,24.5,77.1,8.4,9.0,8.0,120.8
Tuesday,Day,0,35,317,2.56,18.3,77.2,6.9,4.7,9.4,100.0
Friday,Evening,1,55,666,3.03,28.7,76.5,9.8,4.7,10.0,122.3
Wednesday,Day,0,47,444,3.36,12.3,82.4,7.1,3.8,18.8,98.8
Saturday,Day,0,18,502,3.46,26.9,76.3,5.2,18.9,13.4,73.1
Tuesday,Day,0,55,445,3.52,22.1,84.2,8.3,31.2,8.4,93.3
Friday,Day,0,54,437,2.65,27.8,67.9,5.9,11.5,1.7,118.4
Tuesday,Evening,0,19,158,2.8,17.3,79.5,7.5,6.1,22.7,70.1
Thursday,Night,1,32,720,1.44,22.5,95.5,9.5,4.1,7.5,110.7
Sunday,Evening,0,54,486,2.69,22.4,75.8,5.5,10.2,11.1,117.0
Wednesday,Day,0,49,329,3.4,24.6,96.4,3.9,1.9,27.0,107.0
Sunday,Evening,0,35,500,3.29,15.7,79.6,3.3,11.2,7.7,104.5
Sunday,Night,0,38,388,2.75,25.8,77.4,6.6,3.9,10.1,94.4
Sunday,Evening,0,19,415,3.73,10.9,79.2,2.6,0.2,13.6,79.2
Tuesday,Day,0,39,392,2.59,18.0,74.9,4.2,22.4,0.8,106.2
Saturday,Day,0,43,561,2.41,12.6,58.2,2.3,13.5,0.0,140.4
Monday,Night,0,31,334,2.54,27.0,86.8,6.7,1.6,8.6,95.1
Wednesday,Night,0,29,321,2.18,24.4,99.0,2.9,15.2,8.9,84.2
Sunday,Day,0,49,583,3.14,24.7,82.8,1.3,3.8,12.9,131.6
Friday,Night,0,35,438,2.96,30.8,83.4,1.9,15.0,5.2,85.0
Thursday,Day,0,28,461,3.14,20.1,76.2,3.5,7.1,15.0,89.6
Wednesday,Day,0,32,536,2.57,25.7,89.6,3.8,7.5,0.0,118.6
Saturday,Evening,0,36,427,2.77,22.4,77.6,6.0,8.0,11.5,105.9
Friday,Evening,0,27,436,1.6,21.5,80.7,4.7,7.1,14.5,83.7
Thursday,Day,0,39,504,3.01,29.8,62.3,6.3,2.8,14.3,103.1
Sunday,Night,0,50,284,2.85,34.5,72.7,6.6,22.4,10.9,93.5
Tuesday,Night,0,46,441,2.19,19.4,81.7,7.4,11.5,7.4,103.0
Tuesday,Day,0,26,393,2.74,27.0,87.1,0.0,2.2,10.7,96.2
Friday,Evening,0,35,561,2.66,23.9,87.3,1.8,4.4,20.6,113.4
Sunday,Evening,0,38,507,3.77,24.0,62.2,6.9,22.6,7.8,91.3
Tuesday,Evening,0,43,484,2.22,23.5,63.2,5.8,1.6,18.8,108.0
Tuesday,Night,0,46,267,2.98,20.0,83.8,8.1,11.1,20.0,91.2
Monday,Evening,0,36,425,2.2,8.0,70.5,0.6,2.6,0.0,115.2
Sunday,Day,0,29,363,2.49,31.2,86.9,3.8,3.7,11.1,95.3
Tuesday,Day,0,43,461,2.95,17.8,61.7,4.3,7.1,5.2,100.9
Thursday,Night,0,22,210,2.68,20.6,77.0,5.7,10.4,1.5,55.0
Sunday,Night,0,43,284,2.8,20.7,77.7,5.3,8.2,17.5,97.3
Monday,Day,0,52,568,2.98,17.3,82.8,6.6,21.9,15.3,120.3
Thursday,Day,0,44,510,2.53,23.4,67.7,4.9,12.4,13.8,111.8
Thursday,Evening,0,34,421,3.29,21.7,58.3,9.3,17.7,4.4,70.7
Saturday,Day,0,49,424,2.63,17.7,79.7,10.3,6.8,13.5,118.8
Wednesday,Day,0,38,367,2.75,22.9,83.3,1.8,13.1,2.8,105.0
Wednesday,Night,0,38,444,3.0,21.8,88.1,5.3,17.8,12.5,100.7
Tuesday,Night,0,50,387,2.92,27.6,74.4,7.6,9.7,7.4,105.5
Saturday,Night,1,25,792,3.15,14.0,87.8,7.0,9.4,19.4,93.7
Saturday,Evening,1,47,652,2.97,17.2,84.9,4.0,11.0,9.5,136.2
Monday,Day,0,43,461,3.06,26.4,91.2,6.0,10.9,13.6,104.6
Wednesday,Night,0,38,293,2.62,18.2,77.4,0.4,9.9,13.6,70.9
Sunday,Day,0,20,441,2.21,16.6,60.7,5.1,14.4,11.5,93.7
Monday,Day,0,47,472,2.01,18.5,77.3,0.8,6.7,12.7,122.1
Wednesday,Night,0,26,390,1.88,21.4,78.9,6.7,20.8,14.1,79.8
Thursday,Evening,0,52,409,3.77,21.4,83.2,1.9,0.7,5.7,116.2
Wednesday,Night,0,48,456,1.58,20.7,62.7,5.7,12.9,14.8,95.7
Tuesday,Day,0,31,609,3.46,15.8,74.9,6.2,20.0,18.0,90.0
Thursday,Night,0,34,444,2.35,26.6,86.7,5.4,4.3,14.8,96.1
Tuesday,Evening,0,18,554,3.45,30.0,77.0,3.3,5.4,9.5,81.4
Thursday,Evening,0,36,514,1.59,10.5,74.9,4.6,21.1,13.2,105.2
Friday,Night,0,20,558,2.67,12.7,97.1,8.7,12.8,9.5,82.6
Friday,Day,0,55,442,3.6,28.0,67.3,3.9,13.5,11.2,112.2
Monday,Evening,0,42,415,3.19,31.4,90.3,5.3,6.4,3.7,98.6
Saturday,Evening,0,26,471,2.61,9.2,88.2,3.5,5.9,21.7,110.8
Tuesday,Evening,0,48,497,1.73,26.9,75.7,8.3,6.4,25.5,99.6
Saturday,Night,0,18,540,2.07,31.8,77.7,5.4,5.8,7.1,74.7
Wednesday,Evening,0,38,462,3.56,16.8,77.6,2.9,6.5,17.5,97.4
Saturday,Day,0,22,593,2.61,31.5,79.8,5.2,11.8,22.2,107.1
Tuesday,Day,0,20,411,2.76,20.9,72.1,4.5,5.6,5.3,90.0
Tuesday,Night,1,27,684,2.96,23.9,75.7,9.4,2.6,0.0,92.2
Thursday,Night,0,29,527,2.08,17.7,74.4,5.1,19.2,22.6,88.0
Monday,Night,0,45,474,3.02,28.0,74.8,1.1,4.3,11.9,109.1
Tuesday,Day,0,51,478,2.57,27.0,74.9,6.7,5.4,8.4,122.3
Saturday,Day,0,47,578,2.96,32.3,55.6,10.6,1.8,12.3,116.0
Saturday,Evening,0,46,405,2.48,30.6,79.0,8.8,9.5,9.4,104.6
Monday,Evening,1,39,634,1.93,21.9,74.7,1.9,4.1,32.7,118.0
Sunday,Day,0,32,504,2.56,40.7,59.3,4.4,2.5,8.3,83.3
Saturday,Evening,0,27,364,3.15,30.1,74.5,5.1,15.4,14.3,84.8
Sunday,Day,0,53,520,3.02,25.2,74.2,5.1,25.4,21.0,108.3
Friday,Evening,0,37,361,2.82,16.0,90.8,6.3,4.7,21.0,90.0
Friday,Day,0,39,459,3.29,12.8,72.6,4.2,12.9,19.7,97.9
Thursday,Day,0,18,479,2.69,13.3,84.7,2.5,10.1,9.0,88.3
Friday,Day,0,35,431,2.83,16.4,91.8,8.1,8.7,10.9,99.1
Sunday,Night,0,43,438,2.54,30.3,71.7,1.8,2.4,0.0,113.7
Monday,Evening,0,36,441,3.33,24.9,77.5,2.8,9.4,11.5,102.0
Wednesday,Night,0,41,347,2.96,18.3,95.3,1.8,13.3,12.2,84.7
Monday,Evening,0,48,489,2.49,21.2,80.3,7.0,30.4,17.2,94.9
Sunday,Day,0,18,402,1.98,20.5,81.7,5.5,0.8,24.6,84.5
Thursday,Day,0,52,692,3.41,26.8,73.9,7.9,12.8,17.0,117.8
Friday,Evening,1,49,650,2.39,16.7,86.9,2.8,8.7,19.5,147.2
Saturday,Day,0,33,399,2.84,24.1,77.6,1.4,6.6,11.9,96.0
Sunday,Evening,0,47,361,4.09,23.8,59.7,3.9,19.4,21.0,98.3
Tuesday,Night,0,20,529,3.24,16.9,74.4,4.7,4.7,12.1,78.8
Saturday,Night,1,29,606,3.69,31.5,68.2,5.8,25.0,20.0,87.4
Sunday,Day,0,22,345,2.5,20.2,79.1,0.2,0.7,17.6,90.7
Monday,Evening,0,42,516,3.39,16.0,68.8,6.6,5.7,14.7,100.7
Saturday,Day,0,50,471,2.81,27.1,82.8,2.5,15.6,1.2,122.9
Wednesday,Day,0,40,532,3.0,22.3,78.4,3.3,9.1,19.7,119.1
Friday,Evening,0,45,569,3.91,24.5,65.5,8.7,4.1,14.6,103.8
Thursday,Evening,0,23,481,2.65,14.9,73.1,0.0,4.9,16.9,92.3
Tuesday,Evening,1,53,853,2.81,26.9,86.2,6.2,11.3,14.2,134.7
Monday,Day,0,25,291,2.3,35.0,89.5,6.2,3.6,15.4,76.1
Monday,Night,0,38,332,3.29,14.4,69.0,2.7,21.5,21.1,79.5
Monday,Night,0,43,386,2.49,24.1,67.0,3.9,7.3,8.7,90.9
Friday,Evening,1,50,875,3.36,17.3,99.0,8.9,6.7,15.3,144.4
Wednesday,Night,0,53,596,1.89,38.1,77.9,11.1,10.3,6.6,115.1
Tuesday,Day,0,40,587,3.1,29.4,78.9,8.4,1.8,16.0,115.6
Friday,Evening,0,39,405,2.45,23.7,70.6,10.9,9.1,13.8,74.9
Friday,Night,0,33,391,3.2,14.6,80.2,3.1,33.6,7.6,80.5
Thursday,Night,0,39,351,2.79,16.1,95.2,0.5,7.1,12.7,102.4
Sunday,Night,0,43,356,2.51,26.5,80.5,5.0,8.9,8.0,88.5
Wednesday,Evening,0,42,592,2.59,13.8,88.6,7.6,14.0,9.4,116.1
Saturday,Night,1,40,622,2.33,14.0,80.3,0.0,21.1,14.5,104.2
Monday,Evening,1,34,604,3.26,22.1,69.7,2.4,9.0,13.9,108.8
Saturday,Day,0,25,584,2.22,22.8,71.2,2.8,6.5,0.0,116.9
Sunday,Day,0,20,317,2.65,24.3,66.8,6.3,15.2,14.6,55.5
Saturday,Evening,0,33,495,2.99,19.4,80.2,5.9,3.6,9.9,103.1
Friday,Evening,0,33,376,3.69,27.5,90.2,2.9,20.7,9.1,82.4
Friday,Evening,0,41,452,2.79,16.8,79.6,5.7,16.7,4.1,87.6
Wednesday,Night,0,52,369,2.67,25.8,74.9,1.8,14.8,11.7,109.7
Friday,Evening,0,44,419,2.95,23.3,70.1,3.9,10.6,8.3,106.0
Saturday,Day,0,48,531,1.66,25.6,81.6,1.4,12.6,20.9,140.9
Sunday,Day,0,39,496,2.14,29.1,65.6,4.7,12.6,0.0,111.1
Thursday,Evening,0,53,434,2.59,19.3,66.7,2.8,9.8,5.3,110.1
Monday,Evening,0,53,470,2.41,18.0,87.0,7.3,4.7,4.8,131.0
Friday,Evening,0,23,397,1.92,11.9,75.2,5.1,12.9,13.8,92.3
Monday,Evening,0,42,500,3.27,9.9,75.0,4.5,2.3,20.2,107.2
Tuesday,Evening,0,37,425,2.94,20.9,76.3,10.5,2.9,15.5,100.4
Wednesday,Evening,0,54,404,2.88,21.4,85.3,6.3,21.5,4.3,93.5
Saturday,Night,0,40,389,2.42,15.5,79.7,4.1,2.8,9.0,117.6
Tuesday,Day,1,18,622,2.84,16.8,72.6,3.4,18.1,6.3,98.5
Tuesday,Evening,1,25,803,3.08,31.1,72.9,1.7,2.7,15.6,79.5
Monday,Evening,1,22,609,2.65,27.3,78.0,5.0,6.8,8.9,97.6
Sunday,Day,1,25,546,3.04,14.4,83.0,6.1,7.4,2.1,94.2
Friday,Evening,0,21,567,2.36,19.3,77.6,0.0,1.6,16.1,91.8
Monday,Evening,1,47,570,2.85,24.4,78.8,1.1,11.8,20.8,123.7
Monday,Evening,1,36,642,3.43,18.2,80.5,3.7,2.0,10.7,116.8
Thursday,Evening,0,43,397,3.48,17.1,77.6,1.9,2.1,12.8,117.3
Wednesday,Day,1,55,772,3.53,20.0,72.2,5.3,1.9,1.5,142.8
Friday,Day,0,42,444,2.96,28.5,89.1,5.7,0.6,0.0,117.2
Thursday,Day,0,36,608,2.82,29.1,73.2,4.8,14.6,0.0,114.2
Sunday,Day,1,28,555,2.55,17.6,81.3,6.9,4.9,11.7,108.6
Wednesday,Evening,0,46,422,1.81,24.8,57.4,3.4,6.0,9.8,105.5
Friday,Night,0,37,588,2.06,22.0,75.8,5.1,6.7,15.8,103.8
Monday,Evening,0,46,451,2.71,16.0,67.0,2.2,5.1,10.6,111.9
Sunday,Day,0,18,691,2.74,20.2,68.2,6.1,2.6,18.9,102.2
Sunday,Day,1,24,629,3.58,14.4,99.0,5.4,4.6,18.1,109.1
Saturday,Day,1,22,714,3.52,29.0,82.5,1.6,6.7,9.7,99.0
Thursday,Evening,0,43,636,2.42,31.3,90.3,4.7,2.4,5.0,115.9
Tuesday,Day,1,37,501,3.25,19.5,88.6,5.1,4.8,0.0,103.7
Saturday,Evening,0,30,334,2.54,18.1,87.8,6.0,16.2,22.0,95.8
Saturday,Evening,1,29,594,3.18,28.3,78.0,6.2,4.6,5.4,97.1
Tuesday,Evening,0,41,522,3.24,29.3,94.1,3.0,10.4,1.5,110.1
Thursday,Day,0,54,322,3.48,15.3,86.5,7.5,11.6,12.9,126.6
Thursday,Day,0,55,532,2.53,21.1,78.4,6.8,1.2,1.6,135.3
Saturday,Evening,0,35,540,3.36,21.6,80.6,3.0,11.8,12.9,106.2
Friday,Evening,0,43,671,1.77,17.4,76.6,1.8,14.7,9.6,110.8
Friday,Day,0,21,599,3.51,24.3,78.5,3.3,10.7,18.5,98.2
Friday,Night,0,53,490,2.79,17.8,77.6,0.8,5.5,17.9,118.4
Tuesday,Evening,0,18,574,2.8,18.8,81.8,5.8,1.9,19.7,79.6
Wednesday,Evening,0,31,501,1.68,21.4,95.4,8.8,11.1,13.4,92.8
Monday,Day,0,45,411,2.59,13.1,65.9,9.5,4.8,6.0,123.4
Saturday,Day,0,54,401,3.55,9.7,89.4,1.9,6.2,4.7,131.6
Thursday,Day,0,24,421,2.57,27.5,74.3,7.6,3.5,8.3,78.6
Thursday,Day,0,43,471,3.19,17.6,90.7,5.5,6.8,26.0,109.8
Tuesday,Evening,0,25,462,2.82,34.8,74.7,0.0,6.4,10.3,84.9
Tuesday,Evening,0,19,242,3.38,33.8,82.1,4.2,2.7,13.1,65.6
Friday,Night,0,34,434,2.91,19.0,76.4,3.9,10.0,22.6,89.5
Tuesday,Night,0,39,423,2.29,36.0,60.7,8.8,21.5,13.8,73.7
Monday,Day,0,28,507,2.83,27.6,95.4,2.6,15.6,6.8,104.4
Saturday,Day,0,54,665,3.68,18.1,68.6,6.9,22.7,17.1,117.4
Wednesday,Evening,1,41,648,3.07,8.0,80.8,4.9,4.6,9.0,143.2
Wednesday,Night,0,34,339,2.74,26.1,67.5,0.9,3.1,14.0,81.0
Thursday,Night,0,36,257,4.04,22.2,64.6,3.5,1.0,15.6,86.5
Saturday,Day,0,35,575,3.44,24.6,76.0,9.8,5.7,8.5,100.8
Wednesday,Day,0,22,387,3.25,20.6,72.1,4.7,6.4,13.3,69.7
Saturday,Day,0,41,592,2.97,15.1,66.3,7.9,7.6,23.2,98.8
Sunday,Night,0,47,563,3.2,19.4,77.6,7.8,2.6,7.6,118.3
Friday,Evening,1,34,513,3.22,26.2,65.2,3.9,8.7,21.2,101.4
Thursday,Evening,1,34,688,1.6,19.9,81.3,1.3,7.1,7.9,113.9
Saturday,Evening,0,52,613,3.02,19.8,76.7,1.7,8.8,24.6,119.3
Thursday,Day,0,41,572,2.71,12.9,53.2,9.6,10.4,6.0,109.1
Wednesday,Evening,0,29,251,2.53,22.5,72.8,5.7,7.9,9.2,77.8
Thursday,Day,0,18,394,2.69,15.3,82.7,0.0,15.3,22.6,76.0
Wednesday,Evening,1,49,508,1.94,27.5,69.4,7.7,9.8,22.9,101.7
Monday,Evening,0,41,485,1.81,17.6,83.1,0.0,7.3,17.7,118.3
Wednesday,Evening,0,41,489,3.49,20.2,82.3,2.7,3.9,4.4,116.7
Monday,Day,0,28,199,3.05,35.0,67.8,5.4,5.8,12.6,73.7
Wednesday,Night,0,25,396,1.47,20.2,77.9,12.8,1.8,12.0,80.4
Thursday,Evening,0,36,531,2.48,19.4,86.2,7.6,13.1,6.0,96.0
Sunday,Day,0,46,489,3.28,25.5,69.2,3.8,4.0,16.9,116.9
Monday,Day,0,29,469,2.65,11.3,75.9,5.3,3.0,6.6,106.1
Friday,Evening,0,38,445,3.48,29.5,89.5,8.0,2.1,3.0,92.1
Thursday,Day,1,55,554,3.38,28.0,71.4,9.5,3.7,0.7,127.3
Monday,Day,0,26,453,2.05,25.1,82.6,4.5,4.7,24.0,96.3
Tuesday,Day,0,26,470,2.72,8.0,67.2,4.5,17.5,8.4,89.2
Monday,Day,0,26,513,2.55,20.4,76.4,2.7,3.9,8.6,86.4
Tuesday,Evening,0,52,511,2.04,14.4,82.5,7.2,20.4,4.8,115.1
Tuesday,Evening,1,38,633,2.0,28.7,56.0,8.3,17.6,21.6,89.5
Wednesday,Day,0,52,574,2.36,28.3,72.7,0.0,17.2,2.3,130.5
Thursday,Evening,0,54,419,2.45,24.3,82.3,4.0,11.2,3.6,139.5
Monday,Day,0,33,318,2.96,14.8,80.3,1.6,1.3,9.7,103.8
Tuesday,Day,0,20,510,3.37,31.0,72.8,5.7,15.8,11.8,65.1
Monday,Day,1,29,647,3.08,20.4,69.0,1.5,1.5,16.6,110.3
Thursday,Evening,0,38,502,3.21,32.8,84.3,1.2,2.7,7.3,106.9
Wednesday,Night,0,32,305,2.65,23.6,74.8,8.6,4.7,22.8,80.1
Thursday,Evening,0,18,625,3.13,25.0,83.5,4.7,4.0,7.3,99.4
Tuesday,Day,0,55,532,2.72,19.2,81.8,5.0,13.6,4.9,140.9
Monday,Day,0,29,428,2.56,30.4,73.5,6.5,12.4,4.3,91.4
Sunday,Day,0,41,386,3.84,25.7,88.7,8.1,6.5,6.6,106.0
Monday,Night,0,53,512,1.52,30.7,72.1,3.9,11.1,3.8,127.3
Monday,Day,0,38,350,1.77,23.1,89.9,4.0,8.1,17.3,104.1
Tuesday,Night,0,44,635,3.01,21.7,91.2,4.0,7.1,5.0,120.1
Sunday,Evening,0,19,397,2.65,25.6,88.5,8.4,5.2,11.1,78.4
Friday,Evening,0,44,643,2.01,30.7,76.2,5.0,3.5,4.8,105.2
Friday,Night,0,50,437,2.22,28.1,99.0,4.3,0.3,3.8,133.0
Sunday,Day,0,52,625,2.29,22.8,79.5,6.4,13.4,19.7,134.1
Monday,Evening,0,21,365,3.29,10.9,80.4,10.7,3.8,23.2,55.9
Sunday,Day,0,26,477,3.47,26.9,77.8,5.4,4.1,20.9,97.6
Tuesday,Night,0,19,496,3.7,13.4,66.7,4.4,3.5,1.7,75.3
Friday,Evening,0,52,543,1.93,22.2,91.0,11.0,8.9,2.7,133.9
Thursday,Day,0,28,580,2.05,21.3,72.3,9.2,10.5,25.8,92.9
Wednesday,Night,0,38,379,2.01,13.5,87.2,8.8,4.3,10.2,90.6
Sunday,Day,1,36,663,3.51,24.2,91.6,3.7,7.3,2.4,127.1
Tuesday,Day,0,44,584,3.03,34.9,84.0,3.4,4.5,19.6,109.5
Sunday,Evening,0,52,388,2.84,20.1,71.1,0.0,13.4,12.5,105.1
Wednesday,Evening,1,30,684,2.93,26.6,76.6,8.1,9.5,16.0,104.9
Friday,Night,0,48,434,2.77,36.1,51.2,5.4,0.7,0.0,100.2
Sunday,Evening,0,29,475,2.18,27.2,76.8,0.0,10.2,9.7,108.5
Monday,Evening,0,25,443,3.08,18.1,86.0,8.8,7.7,18.6,80.0
Sunday,Day,0,22,400,2.7,23.4,75.6,4.2,3.2,7.5,83.4
Friday,Day,0,32,475,2.14,24.9,72.1,4.6,2.8,20.6,104.3
Friday,Night,0,39,469,3.12,30.6,75.0,0.7,12.3,2.8,88.6
Tuesday,Day,0,47,455,2.57,29.3,90.2,6.7,12.9,11.2,111.4
Thursday,Evening,0,50,604,2.93,8.0,77.5,6.7,8.1,23.5,126.3
Friday,Day,0,38,596,2.73,16.9,96.6,5.1,4.4,3.9,126.0
Thursday,Day,0,33,503,3.29,21.6,72.3,3.9,3.3,13.9,97.6
Tuesday,Evening,0,24,373,2.92,15.9,80.2,13.1,3.5,16.1,66.6
Tuesday,Evening,0,52,367,2.31,8.0,73.7,1.6,5.3,12.6,129.0
Saturday,Evening,0,33,678,2.98,17.6,98.7,3.0,15.0,10.2,112.2
Monday,Night,1,47,494,3.0,22.0,81.8,7.3,1.1,5.9,121.5
Friday,Day,0,41,511,3.08,18.8,99.0,2.2,7.1,13.4,126.0
Sunday,Evening,0,53,489,3.37,16.0,73.8,1.9,5.3,11.3,133.5
Monday,Day,0,54,425,2.46,22.2,93.3,8.6,9.6,1.9,126.1
Tuesday,Evening,0,44,350,3.17,24.1,79.2,7.0,2.7,19.7,96.0
Friday,Day,0,43,425,1.85,19.2,86.4,6.7,5.9,5.6,110.9
Monday,Evening,0,23,383,2.73,30.2,65.8,5.7,12.7,2.1,66.4
Friday,Day,0,18,433,2.65,22.3,81.5,3.1,8.1,7.8,88.0
Friday,Night,0,38,581,3.6,16.8,67.3,4.4,4.6,5.8,95.3
Friday,Night,1,44,634,2.71,15.3,82.6,5.0,3.2,10.2,127.2
Wednesday,Night,0,46,375,3.13,20.7,62.8,7.7,17.7,3.3,98.6
Friday,Day,0,27,510,1.83,28.7,77.1,6.5,1.8,15.1,94.5
Friday,Night,0,37,518,2.61,17.1,89.0,2.4,19.4,21.7,86.8
Tuesday,Day,0,50,432,2.33,25.6,83.5,7.6,8.0,12.7,114.6
Friday,Day,0,21,586,4.16,22.6,65.7,0.2,6.4,1.9,79.9
Sunday,Day,1,32,534,2.43,34.0,61.0,4.2,14.8,5.6,108.4
Friday,Day,0,53,611,2.84,24.3,83.0,1.8,15.3,13.5,130.1
Thursday,Evening,1,25,634,2.87,17.8,95.8,2.6,7.5,0.0,108.2
Wednesday,Day,0,30,465,1.93,26.4,68.4,11.0,9.9,3.4,86.6
Monday,Day,0,35,389,2.51,26.6,99.0,0.8,2.3,0.5,106.9
Tuesday,Evening,0,44,328,3.02,19.6,77.9,2.7,5.9,12.8,110.7
Monday,Night,1,27,432,2.85,15.0,60.4,6.7,3.9,27.1,92.1
Sunday,Evening,0,48,383,1.53,25.2,62.4,3.8,17.9,3.2,94.8
Tuesday,Evening,0,26,501,2.49,22.4,85.7,5.7,16.7,17.7,93.0
Saturday,Day,0,31,419,3.36,12.9,79.3,9.5,2.4,8.1,99.2
Tuesday,Night,0,39,273,3.12,23.5,92.8,7.2,2.2,2.8,104.0
Wednesday,Day,0,18,384,3.47,18.2,66.0,3.8,6.1,22.9,57.7
Wednesday,Day,0,47,433,2.26,12.9,79.2,4.8,19.9,27.1,110.6
Wednesday,Day,0,43,437,3.5,19.9,78.1,6.8,4.9,14.9,104.5
Saturday,Evening,0,49,478,2.78,29.7,76.6,7.1,29.7,14.5,102.3
Sunday,Day,0,28,573,3.68,29.2,74.2,5.3,1.9,12.4,99.0
Sunday,Evening,0,33,574,2.8,27.7,74.4,6.3,3.8,11.0,102.2
Tuesday,Day,0,52,656,1.67,23.6,79.7,6.3,2.3,14.4,137.4
Saturday,Evening,0,20,336,3.27,25.6,81.0,4.9,7.6,16.7,84.3
Tuesday,Evening,0,36,364,2.56,22.6,80.5,3.4,4.8,23.6,93.1
Sunday,Day,1,36,721,2.59,15.4,92.1,7.4,18.6,8.3,128.9
Thursday,Day,0,35,432,2.0,16.6,66.0,6.1,4.4,12.9,107.1
Wednesday,Evening,0,34,532,3.69,18.4,59.9,0.0,13.1,11.4,98.8
Tuesday,Evening,0,46,465,2.51,30.4,88.2,2.7,2.5,19.2,106.9
Monday,Day,0,25,605,3.67,28.5,68.6,3.8,5.6,28.8,91.5
Tuesday,Evening,0,51,544,2.56,15.5,74.2,4.6,0.9,19.4,127.2
Sunday,Day,0,52,576,2.29,22.3,71.9,8.8,20.1,17.6,109.1
Saturday,Day,0,24,471,3.53,19.6,71.7,14.8,6.1,18.4,77.9
Sunday,Day,0,55,466,2.76,21.1,63.4,0.0,13.0,20.9,139.0
Monday,Evening,0,27,406,2.77,18.8,72.3,6.1,1.4,28.9,79.2
Friday,Day,0,19,357,2.1,30.4,84.5,5.4,1.7,0.2,83.9
Tuesday,Evening,0,33,585,2.55,21.9,78.0,4.7,2.5,16.2,108.4
Thursday,Day,0,48,546,3.04,23.3,83.0,6.8,4.0,0.0,122.5
Wednesday,Evening,0,50,417,2.09,23.3,73.0,5.6,15.2,18.7,106.3
Wednesday,Day,0,42,594,2.5,15.8,87.0,4.1,4.6,15.9,122.9
Friday,Evening,1,48,600,2.57,22.7,74.9,5.3,10.3,8.2,126.1
Tuesday,Evening,0,27,270,2.84,28.4,56.9,6.9,23.5,0.0,58.4
Thursday,Day,1,51,751,3.61,30.8,83.2,6.6,5.4,11.9,145.2
Friday,Day,0,42,379,2.64,15.1,85.7,5.8,1.6,13.6,115.2
Monday,Evening,1,23,596,2.42,12.9,74.4,3.4,2.6,11.6,102.2
Sunday,Night,0,22,450,4.31,22.4,90.0,13.7,11.1,7.7,77.6
Thursday,Night,0,28,467,2.56,28.7,69.5,6.3,3.9,5.7,72.1
Saturday,Day,0,20,591,2.7,24.2,84.7,7.5,1.4,11.6,111.8
Friday,Evening,0,28,535,2.6,26.1,95.4,3.7,38.1,6.4,75.4
Saturday,Day,1,55,742,2.65,13.8,80.4,5.8,16.0,17.7,149.4
Saturday,Day,0,27,435,2.84,18.6,75.7,5.7,3.1,11.4,108.3
Sunday,Evening,0,42,483,3.31,8.8,76.9,0.0,28.2,0.0,103.7
Friday,Evening,0,55,337,3.02,21.1,94.3,3.1,33.0,13.2,101.4
Tuesday,Evening,0,27,593,3.39,9.0,82.0,3.0,24.5,14.9,89.5
Monday,Night,0,44,277,3.37,30.0,99.0,3.4,5.5,23.3,98.7
Friday,Day,1,35,647,2.91,31.3,82.8,2.0,6.7,18.5,108.1
Monday,Evening,0,28,310,3.01,22.8,71.5,5.3,10.7,5.7,76.1
Tuesday,Day,0,54,396,3.41,12.9,72.2,9.4,3.5,22.0,113.1
Monday,Day,0,42,456,2.19,24.3,78.6,5.6,15.1,2.3,100.9
Thursday,Day,1,34,605,4.17,33.2,59.6,1.7,9.1,12.2,90.3
Tuesday,Night,0,48,529,2.52,24.9,73.3,2.1,14.8,17.3,106.4
Friday,Evening,0,52,502,2.61,29.1,73.5,4.1,4.7,22.2,115.5
Saturday,Day,1,47,646,2.13,19.1,82.4,1.0,8.6,25.2,132.4
Saturday,Evening,0,51,477,2.15,16.8,97.4,6.1,2.1,20.9,132.1
Wednesday,Night,0,30,541,3.34,21.6,78.5,9.3,4.3,11.0,83.0
Thursday,Night,0,31,516,4.05,10.4,58.8,3.5,5.1,16.1,94.7
Friday,Evening,0,26,372,2.49,35.6,68.9,5.4,11.0,13.6,70.3
Thursday,Day,1,44,590,2.99,22.8,82.6,3.9,14.1,7.0,131.5
Friday,Evening,1,48,705,2.92,27.2,80.9,3.3,2.4,11.2,117.7
Tuesday,Night,0,43,454,3.35,19.2,94.2,5.8,17.7,24.6,97.9
Sunday,Night,1,40,510,4.02,12.7,89.6,3.2,10.0,16.5,114.8
Monday,Night,0,47,481,3.64,30.6,87.3,2.8,11.8,26.4,97.7
